id,domain,status,purchase_price,renewal_price,attractiveness,demand,length,registrar,created_at,expires_at,status_verified_at
26533d8d-3a6a-4a92-968b-ba9cf43a17a0,strikingly.tech,premium,81.25,325,high,low,10,namecheap,,,16/09/2026 07:22
5edd1ad6-112e-4483-8f3c-4b034f718765,sooner.tech,resell,,,high,low,6,Xin Net Technology Corporation,24/07/2019 19:40,24/07/2027 23:59,26/09/2026 09:09
c00751ef-6a0c-47bc-8f66-d1f4d1dd9397,sociology.tech,premium,325,1300,high,high,9,namecheap,,,27/09/2026 06:58
c1730f31-2c1f-436e-ac06-48736e47d48e,gratis.tech,available,,,high,low,6,,,,
3d3fa88c-a5cf-4aa1-8bee-a7c103ba5cdf,reductive.tech,available,5.98,58.98,high,medium,9,namecheap,,,09/09/2026 12:25
c38528e8-5321-44eb-a14c-259778d1b5b3,amerind.tech,premium,81.25,325,high,low,7,namecheap,,,
39f59e79-6027-4735-bd63-f00bb806b278,step.tech,premium,3450,3450,high,low,4,namesilo,,,27/09/2026 06:58
94b62443-bee4-4a0e-a316-5f16073952b1,customership.tech,available,,,high,low,12,,,,
1200b12e-422f-4204-af8a-f9e420639601,cometary.tech,available,9.99,58.98,medium,low,8,namecheap,,,12/08/2026 18:56
bf9e2231-5570-451d-a0e7-efc616d94793,aright.tech,premium,81.25,325,high,low,6,namecheap,,,13/09/2026 20:49
f4c296bf-3df5-4575-b8e1-734408d90537,heretical.tech,premium,81.25,325,high,low,9,namecheap,,,14/08/2026 12:35
6f8004ed-f14a-4607-9a90-4ab1ea4a21a0,fortnightly.tech,available,,,high,high,11,,,,
1a9ffcbb-9651-4f4c-bcaf-7532875487bd,clonic.tech,available,8.99,68.99,high,low,6,namesilo,,,12/08/2026 12:02
b7957d5a-df48-40f9-982a-f3fa36fcd8f9,behinds.tech,available,,,medium,low,7,,,,
4e75ebdb-3a0c-454e-8ea2-90b428c88cf0,scriptures.tech,available,,,high,medium,10,,,,
a6237ecf-f782-47ab-9f49-878711855d72,taint.tech,premium,302.5,302.5,high,low,5,namesilo,,,24/09/2026 17:39
ce6089f4-b679-4b1b-8c0f-9192e9e8cab8,attractively.tech,available,,,high,high,12,,,,
cebb6041-9224-474c-adb4-dc71972885f3,myzornis.tech,available,,,high,medium,8,,,,
1c5aba7f-b7df-46f4-b33d-a2f1d9ad7342,wikispecies.tech,available,,,high,high,11,,,,
e2bb7ec0-1b72-4e30-8ccd-378e827cc342,exporting.tech,available,,,high,high,9,,,,
469efcd0-85f0-42fb-8f37-5410dcfcae55,reintroduced.tech,available,,,medium,low,12,,,,
e47342ff-85ca-4b3b-9b7b-c043aac16e01,dogfight.tech,premium,81.25,325,high,medium,8,namecheap,,,09/09/2026 18:56
ec548bdf-35b0-4cca-8f4d-51f7dbbcf370,constable.tech,premium,640,640,high,low,9,namesilo,,,24/09/2026 17:31
cbd13c75-01b7-4ba1-a385-944872228f26,lactase.tech,available,,,high,high,7,,,,
0f414bac-7685-408b-8045-c5f12023fd5b,eresidency.tech,available,,,high,low,11,,,,
15be1d21-824f-4181-bd57-d7dec4966cf6,insulating.tech,available,8.99,68.99,high,high,10,namesilo,,,27/09/2026 11:08
fa606e87-c949-4ac2-9ba4-8d7921e2ce07,drool.tech,premium,640,640,high,low,5,namesilo,,,21/09/2026 23:48
ee11b532-d513-4efb-aa04-66df4ecd738b,clifftop.tech,available,,,high,high,8,,,,
0bc37ccb-09ad-496c-904d-4a9b90372adf,bowlers.tech,available,,,high,high,7,,,,
c52f0e47-8ad8-4faf-b77d-216d754cdf27,servicemen.tech,available,,,high,low,10,,,,
361baa24-70ec-48cb-aca9-2108d000a2df,enplane.tech,available,,,high,high,7,,,,
a207347b-c855-492a-b1f0-dcea6ec0e92d,operative.tech,resell,,,high,low,9,Squarespace Domains LLC,02/01/2019 16:14,02/01/2027 23:59,26/09/2026 07:55
e110c4ee-947e-440f-b8f5-2a5feddeed1d,astronomers.tech,available,,,high,low,11,,,,
34221a72-86c0-4003-8a52-d6a960e0b23f,pergolas.tech,available,,,high,low,8,,,,
e8c5de78-b00b-4f83-9be4-a0722ecc3d42,vocals.tech,available,,,high,high,6,,,,
38439814-546d-4026-beb0-6171b214982d,safeish.tech,available,,,high,high,7,,,,
5cec6902-bd0a-4eb5-a511-5ad2c49c7645,dewar.tech,available,,,high,high,5,,,,
6ed6ceca-878f-446a-b44b-039bbe5447a0,outlets.tech,premium,3450,3450,high,low,7,namesilo,,,21/09/2026 06:33
eeba7f37-124f-4c11-885d-b61c650b31a5,weblogs.tech,available,,,high,low,7,,,,
99bdfee0-6083-4579-a97c-8287fba5cb1e,drummer.tech,available,,,high,high,7,,,,
88216629-75cf-43a5-be7f-fe29d113045c,farmyards.tech,available,,,medium,low,9,,,,
ae76175c-f6bc-4673-b1af-aff3888853c5,superlunar.tech,available,5.98,58.98,medium,low,10,namecheap,,,11/09/2026 02:21
2f2fdf7a-ca6b-40d1-814f-9b5ab3a7bf56,telenovela.tech,available,8.99,68.99,high,high,10,namesilo,,,26/09/2026 09:33
92d58c48-3f26-4e22-ae78-e797f66881fb,descendantless.tech,available,,,medium,low,14,,,,
d7afd97b-31ca-4205-a977-20375659c869,chefless.tech,available,,,high,low,8,,,,
7024593d-bbaf-4d6c-add3-c54217ab6793,annum.tech,premium,81.25,325,high,low,5,namecheap,,,19/09/2026 11:04
1289f723-c7d0-42b8-bd1a-09ace2531035,grauliz.tech,available,,,high,high,7,,,,
4b1629fe-1702-4469-a1eb-e5927a4c33a6,glastum.tech,available,,,low,low,7,,,,
f41ce214-5e1e-4b3d-84c9-41344278de42,musculatures.tech,available,,,medium,low,12,,,,
b640f512-2e0d-4986-bbae-88310154cf4c,westside.tech,premium,325,1300,high,low,8,namecheap,,,13/09/2026 11:00
2c4351db-3410-491d-9d5e-36342d95e2b0,innings.tech,available,,,high,high,7,,,,
8158b359-ff16-4646-a371-0bd6c9b2d256,humanely.tech,available,5.98,58.98,high,low,8,namecheap,,,15/09/2026 01:17
4278d789-2a3d-45ad-91fa-947dc4fd95da,belly.tech,resell,,,high,low,5,Squarespace Domains LLC,15/02/2019 02:59,15/02/2027 23:59,26/09/2026 04:21
a82af1aa-625d-4972-8f4e-c2b3c140264a,sirup.tech,available,,,high,high,5,,,,
fb325ead-60cc-4e7f-a198-1ea0c73fa383,sleuthing.tech,available,,,high,high,9,,,,
49735e43-a448-4fa7-934e-8bd77df6d2ec,atchafalaya.tech,available,,,high,high,11,,,,
633863b4-e339-41ff-be6b-98ef4f82d148,strongroom.tech,available,,,high,high,10,,,,
6ac9982e-2fdc-4b93-9644-dcf51ce5d446,leaky.tech,premium,312.5,1250,high,low,5,name.com,,,22/08/2026 22:01
bc0cadb5-026a-420a-aba9-4bd3e8b63e69,homel.tech,available,,,high,high,5,,,,
31dc0570-15f1-40c5-87e8-4048f47b2647,psychotropic.tech,available,,,high,high,12,,,,
9f44c772-1fa3-4334-a786-ddaefa954175,grandam.tech,available,,,high,high,7,,,,
3b725a51-808a-40f2-b857-50b67842e3aa,respite.tech,premium,640,640,high,low,7,namesilo,,,16/09/2026 14:06
fd2bec9a-4c8a-458e-9d6a-77461121ef8a,amharic.tech,premium,312.5,1250,high,low,7,name.com,,,
637d9d24-9732-4f36-8ae3-1ecf48835f0a,lascivious.tech,available,9.99,58.98,high,low,10,namecheap,,,22/08/2026 20:04
16c530c7-87c7-48e3-a118-493ba04c0f1d,roubles.tech,available,,,medium,low,7,,,,
ddebe153-9d08-45c7-9cc8-d51743c06399,vibratory.tech,available,5.98,58.98,high,low,9,namecheap,,,13/09/2026 05:09
4f850648-cbe4-46ac-b2fe-c4a74bdcf3b7,inspissate.tech,available,,,high,high,10,,,,
9aca656c-86c4-434e-a87d-012b81d14e67,stipulate.tech,available,,,high,high,9,,,,
a28120c3-164c-4e4d-a28c-f75fe0c3f922,copperfield.tech,available,,,high,high,11,,,,
9e5c81ab-b094-481a-bdb7-14fc3e5b5393,demonstrable.tech,available,,,high,high,12,,,,
52aef312-e6fb-4366-b5aa-59a7feee8b51,exhaustive.tech,premium,312.5,1250,high,low,10,name.com,,,17/08/2026 17:08
012a7733-b1f9-4f63-be91-7843dff36f7c,unlawful.tech,premium,81.25,325,high,low,8,namecheap,,,21/08/2026 19:54
c353d186-15d7-452a-8991-6f7edbcd5737,netnews.tech,available,,,high,medium,7,,,,
9a3c6b6e-49dd-4df0-823d-9322a2efce76,intangibly.tech,available,,,high,high,10,,,,
21144f43-a030-48a6-8f45-b139b2c7092d,kvetch.tech,premium,81.25,325,high,low,6,namecheap,,,08/09/2026 20:36
9097704b-3da9-41d8-94e4-6035b4f9cfe1,windproof.tech,available,,,high,high,9,,,,
766959a6-1898-4d84-9310-de7cd38af038,flashy.tech,premium,81.25,325,high,low,6,namecheap,,,18/08/2026 06:33
96b3c57c-8548-476c-a74a-05d29e7ac4cb,watchbands.tech,available,,,medium,low,10,,,,
accdf64c-bc24-489d-acac-ccc1728264bf,dogmatism.tech,available,8.99,68.99,high,low,9,namesilo,,,23/09/2026 15:23
5fb935a9-a2ec-4e2e-87f7-ba615e410196,profited.tech,available,,,high,low,8,,,,
c61fc213-19c1-4dcb-b667-4aa8a94ac4ba,multilayered.tech,available,,,high,high,12,,,,
4925886a-394e-4bbf-872a-e560aa80cdba,inapt.tech,premium,81.25,325,medium,low,5,namecheap,,,21/08/2026 18:51
c8d1a0cd-9779-4e2c-b147-24d67028fe5a,goldtail.tech,available,,,high,high,8,,,,
9ea3ec47-08eb-4c11-97d6-6fdff91697be,saarinen.tech,available,,,high,high,8,,,,
0471c08f-a490-46c4-a557-674fe97e2809,waterless.tech,available,9.99,58.98,high,low,9,namecheap,,,06/08/2026 19:03
5ed7e17d-540f-4a42-ae99-8c1f32ea652f,polishers.tech,available,,,high,low,9,,,,
b4352a55-0e57-4f46-81c2-29fbff7d74f1,airlines.tech,available,,,high,low,8,,,,
37ac44d1-790b-4b05-a5d7-cf38b06b73f9,foam.tech,available,,,high,high,4,,,,
c10829e1-0275-48c9-a63b-e96d759805bb,steeping.tech,available,,,high,high,8,,,,
72adb6bc-faeb-4df1-815e-cd085a978e0d,nonolfactory.tech,available,,,medium,low,12,,,,
36756ce0-5c3b-474f-a286-45c7219c67e4,bosnia.tech,premium,325,1300,high,low,6,namecheap,,,25/09/2026 02:00
090aa4c7-cda7-46fe-97cf-c4f8742cda37,smalls.tech,available,,,high,high,6,,,,
c1f33e84-468a-4059-9b75-cfc06ba72799,cayey.tech,available,,,high,high,5,,,,
16269acd-7199-4786-9555-600c82e57ab8,sounds.tech,premium,6900,6900,high,low,6,namesilo,,,25/09/2026 17:10
02917e4a-26a0-4831-909c-648343163a63,mrs.tech,premium,3450,3450,high,low,3,namesilo,,,25/09/2026 09:30
49f58e2b-55b8-472c-8063-fb763ec1c18c,aubange.tech,available,,,high,high,7,,,,
12a2ccb8-1444-4828-9825-be085aee28cb,swansea.tech,available,,,high,high,7,,,,
11dc32b0-ae2d-4595-900d-78c13d67bca2,menus.tech,premium,1107,1107,high,low,5,namesilo,,,20/09/2026 09:20
a33f1cd9-7c26-41b9-a23c-7333d3857d55,entered.tech,available,8.99,68.99,medium,low,7,namesilo,,,18/09/2026 11:17
24b8e134-3d25-4580-bff7-68a775d7ed04,hurt.tech,resell,,,high,low,4,Squarespace Domains LLC,02/07/2018 06:29,02/07/2027 23:59,26/09/2026 06:46
20d98956-17fb-481f-b9be-8254f4e2e097,highbinder.tech,available,,,high,high,11,,,,
64788506-e6bb-4d8f-a9d0-fe62742ef481,stubby.tech,premium,81.25,325,high,low,6,namecheap,,,10/09/2026 22:56
a7d76cc6-3bd3-44a8-83e7-0b94b6ad080f,cheryl.tech,premium,162.5,650,high,low,6,namecheap,,,27/09/2026 07:16
001be1b9-0a56-4e24-b7c3-c1600875c1a9,blameless.tech,premium,156.25,625,high,low,9,name.com,,,10/08/2026 12:53
fe33550b-764a-436a-add8-4ef723e5ef17,decoders.tech,premium,640,640,high,low,8,namesilo,,,20/09/2026 07:41
20cf7f4e-655c-4b41-adb9-ffcfe5d93b86,literatures.tech,available,,,medium,low,11,,,,
14588e5e-803f-406e-b6bb-3c8af5ae9256,duckling.tech,premium,1107,1107,high,low,8,namesilo,,,25/09/2026 00:18
543c768d-0fbb-4e58-a305-40175069abfc,perez.tech,premium,1107,1107,high,low,5,namesilo,,,25/09/2026 15:41
85a2b7cf-711e-4e4c-98ce-584bcfeb1c15,matchbook.tech,available,,,high,high,9,,,,
32d23038-b492-416a-abd8-d93499b116a5,gabber.tech,available,,,high,high,6,,,,
151ef929-151a-4338-b9d5-2c20ff482fb5,bead.tech,premium,87.5,350,high,low,4,namecheap,,,
0d3d5f58-d2db-461d-8a7e-430d7c31d2ef,femoral.tech,available,8.99,68.99,high,low,7,namesilo,,,18/08/2026 01:05
5375b1b1-3274-4278-9482-b4faf9030f8c,aerides.tech,available,8.99,68.99,medium,low,7,namesilo,,,17/09/2026 12:51
24a6e649-6d43-4b82-8906-8206abeeda23,transform.tech,resell,,,high,high,9,Dynadot Inc,05/12/2017 00:12,05/12/2028 23:59,26/09/2026 09:44
87518e0f-664f-4199-9e48-c0626ea8276d,vinaigrette.tech,available,,,high,low,11,,,,
decf50d5-8b49-44ae-bd62-f3f669b12d46,purplish.tech,available,5.98,58.98,high,medium,8,namecheap,,,09/09/2026 06:22
a0c6301a-580f-458a-bb6c-5c743891bc6c,rollercoasters.tech,available,,,high,low,14,,,,
e14d8a04-1f1a-432c-a61f-97ace72ee5ea,auc.tech,resell,,,high,low,3,Squarespace Domains LLC,21/04/2017 09:55,21/04/2027 23:59,26/09/2026 04:07
cfa74334-b842-4488-b64d-0ccf17626775,haematinic.tech,available,,,high,high,10,,,,
b8319899-4394-4df0-8397-ae8533badb68,countercapitalism.tech,available,,,high,high,17,,,,
540cd166-2e3e-404c-820b-1dbf3b39afe4,overflows.tech,available,,,medium,low,9,,,,
18035abd-e958-4a8f-bf54-7aa427beeb72,wetter.tech,premium,1107,1107,high,low,6,namesilo,,,22/09/2026 23:07
70bab858-604c-4b89-9fe7-b62ca81a99cb,tilts.tech,available,,,medium,low,5,,,,
a0f6eec2-a3d3-4aca-aa00-177dc9bbf5b5,novalja.tech,available,,,high,high,7,,,,
11faab9a-d057-4719-9e0f-89dd2a85a6dc,since.tech,premium,87.5,350,high,low,5,namecheap,,,
9996efa3-0576-433b-896e-22c963382f0d,filmed.tech,premium,312.5,1250,high,low,6,name.com,,,18/08/2026 04:25
4e552653-8c51-4081-a6c4-981e47917acc,soap.tech,premium,3450,3450,high,low,4,namesilo,,,25/09/2026 14:08
5db96aa7-84cc-47ad-a5b7-429a261e7730,favorite.tech,premium,1107,1107,high,low,8,namesilo,,,24/09/2026 04:33
f87eb14a-c309-4888-a9ec-2690a0d9b910,sandro.tech,available,,,high,high,6,,,,
5a91e45f-dc99-4546-98b8-4754f68ca808,aken.tech,premium,325,1300,high,low,4,namecheap,,,16/09/2026 13:08
f2b8a5bd-358b-4358-88e0-46a851560851,cationic.tech,available,8.99,68.99,high,low,8,namesilo,,,11/08/2026 22:07
a77b5d4c-4e22-42a7-92ee-18efdbc565e6,horsefair.tech,available,,,high,high,9,,,,
9c4004b5-4285-4e08-a93e-c4b604efc2a5,gruntled.tech,available,,,high,high,8,,,,
579332c8-24ff-4c69-8e2a-3a7817fea9a9,crisscrossed.tech,available,,,high,high,12,,,,
7e20b9cc-d402-4dc0-b154-651b99ad94e2,amazona.tech,premium,302.5,302.5,high,low,7,namesilo,,,18/09/2026 16:23
de75bc04-2793-40c8-9109-62fb4db77407,naturalness.tech,available,,,high,high,11,,,,
bb09028c-cccb-4f7c-843a-59f4c728fa79,tushie.tech,available,,,high,high,6,,,,
912489cb-0cc0-4fc9-a7e7-98d238537dd5,unwell.tech,premium,81.25,325,high,low,6,namecheap,,,
f819d5e8-17b6-409b-91e7-522c6b620bcd,mouthpiece.tech,available,,,high,high,10,,,,
a99b9310-e2e5-4b16-a0e5-a2448343aa9f,pedant.tech,available,5.98,58.98,high,low,6,namecheap,,,09/09/2026 23:15
a65a561b-e9cd-483f-83d9-906855fad53d,demoscene.tech,available,,,high,medium,10,,,,
287940de-2e0d-4dea-bad6-2f164b9d17b7,greenbrier.tech,available,,,high,high,11,,,,
2cb125db-b1f2-4f3d-a49f-bae5d0499702,kotex.tech,available,,,high,high,5,,,,
d5f52588-74a1-46ec-8f46-1d233464518e,footbridge.tech,available,,,high,high,10,,,,
d46ff11f-0150-4992-aa00-7b8dafdd2caf,eighter.tech,available,8.99,68.99,high,low,7,namesilo,,,
e111cdfa-0bc6-4478-a95d-c8fccbd85851,salsa.tech,premium,325,1300,high,high,5,namecheap,,,27/09/2026 06:06
967d9196-2200-435b-8fc5-495f3a00049d,randomize.tech,available,,,high,high,9,,,,
d9f4ffd6-f652-437c-80f0-56dff4e7f7c8,moderate.tech,resell,,,high,low,8,"DNSPod, Inc.",25/01/2021 16:12,25/01/2027 23:59,26/09/2026 07:36
64fe6239-7aff-4043-9b63-f67c3ce90463,acquisitive.tech,available,,,high,high,11,,,,
845c4f04-e7b8-4457-b731-535acfcb86f3,argue.tech,resell,,,high,low,5,Alibaba Cloud Computing Ltd. d/b/a HiChina (www.net.cn),01/02/2021 06:12,01/02/2027 23:59,26/09/2026 04:00
602a0ec3-f9aa-4f38-a70e-25642ffb6370,chorizo.tech,available,,,high,high,7,,,,
b1917187-ed7a-4e53-811a-24c308080c44,arboretum.tech,premium,640,640,high,low,9,namesilo,,,20/09/2026 00:49
1e4d93ee-373a-4281-b675-cae2968ab2e5,qualifications.tech,available,,,medium,low,14,,,,
ed9c85c9-9bec-4653-aab6-d398cd5a5993,barrooms.tech,available,,,medium,low,8,,,,
b13eba3c-ae27-4045-a160-8bceb4685830,vulnerability.tech,available,,,high,high,13,,,,
067924bf-74bd-451a-91c8-4f947ab9e039,graphic.tech,premium,781.25,3125,high,low,7,name.com,,,20/08/2026 18:09
24923b08-543f-4a99-b52f-8b2d2fdf4657,copper.tech,premium,1107,1107,high,low,6,namesilo,,,20/09/2026 22:44
9060725d-20d5-4e38-b377-9f657b14f8b4,type.tech,premium,312.5,,high,low,4,name.com,,,
cd88a5a2-f6d5-4029-815b-12f6f68f09eb,gleeful.tech,premium,81.25,325,high,low,7,namecheap,,,20/08/2026 14:21
75125bf6-b980-48af-9c4b-d1a233353b1d,contrasty.tech,available,8.99,68.99,high,low,9,namesilo,,,12/08/2026 23:32
35dd8bec-012f-4fde-a23d-9288fca53fff,treecreeper.tech,available,,,high,high,12,,,,
936cbc4d-d0aa-4592-9394-9afc23e2eb36,hoovering.tech,available,,,high,low,9,,,,
10a94642-2c7a-45f5-84ea-66836296a243,onan.tech,available,,,high,high,4,,,,
fbf6882c-c4e0-4615-ac75-f0eed7bb55bf,yer.tech,available,,,high,high,3,,,,
aef9d04c-1607-4c7d-92d0-d2836fd26774,huzzah.tech,available,,,high,high,6,,,,
45b435c5-5e1b-4241-b798-7ef9bad17ab6,brigand.tech,available,8.99,68.99,high,low,7,namesilo,,,22/09/2026 01:20
c180b7e8-875e-4ad5-9e23-9b57ea148568,corporate.tech,premium,1107,1107,high,low,9,namesilo,,,23/09/2026 06:11
09808209-3be9-4349-aba4-1fc222310af2,pestle.tech,available,,,high,high,6,,,,
2a17b592-bbd7-48d0-b693-5f6615266828,viscountess.tech,available,,,high,high,11,,,,
1484ec51-fa8f-4b56-a8c1-cf90a5ebfa7c,furlong.tech,available,,,high,high,7,,,,
49ed0b1d-6e46-40ca-9281-3e8b3c822d8d,resister.tech,available,8.99,68.99,high,low,8,namesilo,,,17/09/2026 10:49
c90a8ca7-0e48-43ce-bb49-5606f796686d,peppered.tech,available,,,high,high,8,,,,
ba487623-9a96-47ca-a171-eb0032ed5837,trained.tech,premium,81.25,325,high,low,7,namecheap,,,
cf5f9c31-ea43-4c76-b089-7af05f827206,cobra.tech,available,,,high,high,5,,,,
68d4ad45-403e-4579-9bdc-3b1935056625,razz.tech,resell,,,high,low,4,Squarespace Domains LLC,31/07/2019 11:09,31/07/2027 23:59,26/09/2026 08:30
0520f5e1-379d-411c-a87e-e3d3a58479df,showgirls.tech,available,,,high,low,9,,,,
7ce4d6b8-9d8f-4f6e-bd17-3661a3967843,fascinated.tech,available,8.99,68.99,high,low,10,namesilo,,,24/09/2026 17:12
ce82919e-88d3-43c2-8488-40c5a7c63dd6,agromania.tech,available,9.99,58.98,medium,low,9,namecheap,,,17/09/2026 19:38
a015ce0a-4d56-4e19-a50b-7b45f05e74c8,athyrium.tech,available,9.99,58.98,high,low,8,namecheap,,,20/09/2026 21:22
b3ee5182-1dd1-4a6c-95ed-df51d4e167d5,prospectively.tech,available,,,high,low,13,,,,
f941c022-7db5-4d15-bccc-66e08a577bef,lacing.tech,premium,325,1300,high,low,6,namecheap,,,13/09/2026 11:13
0cb85ac9-306e-4bcb-971e-08fa4a495d5e,starfighters.tech,available,,,high,high,12,,,,
2c1bae47-f278-4f9f-b596-3d7dcc95b535,wbf.tech,available,,,high,high,3,,,,
ee9a725e-d4ff-4834-963b-d1cab3d83434,wetted.tech,available,,,high,high,6,,,,
10916048-6f31-4400-aafe-d12e5e683281,nanus.tech,premium,81.25,325,high,low,5,namecheap,,,24/08/2026 22:32
697f6bb9-b0aa-4ef8-952c-a34221125b1a,prior.tech,resell,,,high,low,5,Xin Net Technology Corporation,09/09/2017 17:52,09/09/2027 23:59,27/09/2026 06:07
878171c5-5203-4751-a19c-ba813254f6da,validate.tech,resell,,,high,high,8,Porkbun LLC,25/01/2023 00:53,25/01/2027 23:59,26/09/2026 09:55
b04570a4-5ca2-440e-9621-74f444ee3a2e,sureties.tech,available,,,medium,low,8,,,,
ad1ac130-fd9d-49f1-9271-a16ede8fc515,linguini.tech,available,,,high,high,8,,,,
110784ba-3e39-4bae-9bf2-b858b1530d63,brigid.tech,available,,,high,high,6,,,,
9eef062c-59ec-41c2-bef4-6f1780cf636f,oceangoing.tech,available,5.98,58.98,high,high,11,namecheap,,,04/09/2026 00:20
1a7297e5-07e0-4782-8f71-2b041282650d,jock.tech,premium,312.5,,high,low,4,name.com,,,
f625e56d-b698-4628-9849-264cd45af650,postimpressionist.tech,available,,,high,high,17,,,,
8da98890-8991-4466-903d-e615bcedc3d9,flamboyantly.tech,available,,,high,high,12,,,,
f20e3ecd-8450-44a1-bfef-39c1f357e342,busfares.tech,available,,,medium,low,8,,,,
733ead78-955d-4bde-bb73-c7e26cb3391d,resentment.tech,available,9.99,58.98,high,low,10,namecheap,,,23/09/2026 23:03
fc267984-e9d2-4e09-96ce-851dc104af06,windpipe.tech,available,,,high,high,8,,,,
0e54a9d2-1f1b-4744-9a48-c1f687118a8c,various.tech,available,,,high,low,7,,,,
f9d036d1-3401-418d-a60f-69460bca061f,spreading.tech,resell,,,high,low,9,"Xiamen ChinaSource Internet Service Co., Ltd",09/01/2026 07:20,09/01/2027 23:59,26/09/2026 09:14
4cf2ed7d-c170-421b-8987-ec6c3fe6eef9,originals.tech,available,,,high,medium,9,,,,
934721e4-de43-4191-a943-efa3252180f2,appetence.tech,available,8.99,68.99,high,low,9,namesilo,,,19/09/2026 20:44
96d255c0-b101-4e8f-86a6-b73140cc4eed,saxophonelike.tech,available,,,high,high,13,,,,
2498401c-8bec-40c5-ae0f-8afc679085dd,bushes.tech,available,,,high,low,6,,,,
ca1e9a1d-c430-4c91-962f-4f36341abacd,detach.tech,available,,,high,high,6,,,,
669f0295-1d14-4163-98c9-78e09a5506db,yonder.tech,resell,,,high,low,6,Squarespace Domains LLC,06/01/2021 08:30,06/01/2027 23:59,26/09/2026 10:16
2b4d872a-c61e-4183-903f-bfc53f3ce49f,strong.tech,premium,781.25,3125,high,low,6,name.com,,,25/09/2026 07:58
5198f90a-546a-4caa-a1df-a4bfef377b8b,cornered.tech,available,8.99,68.99,high,low,8,namesilo,,,07/08/2026 11:02
37f08da8-5e81-41be-bb1c-308dfa3a8910,peas.tech,premium,81.25,325,high,low,4,namecheap,,,18/09/2026 10:13
83f675e9-c063-48bc-bd74-0403d0a6ca6e,glaiks.tech,available,,,medium,low,6,,,,
24dca1e6-ec92-4e9e-adb9-0de4fab8e22e,droplight.tech,available,,,high,high,9,,,,
686186b1-c3d6-4b8f-81fb-8cadf64dbf0b,blurry.tech,premium,302.5,302.5,high,low,6,namesilo,,,22/09/2026 23:23
9059fe2a-0698-43c6-a79d-8a2f2c8c2211,sneaker.tech,resell,,,high,low,7,"GoDaddy.com, LLC",17/02/2016 00:32,17/02/2027 23:59,26/09/2026 09:07
0ea945c9-9217-4088-8c06-ed6b162b9412,raveled.tech,available,,,high,low,7,,,,
c86eda7b-61a2-48de-bac7-b3423077f3b1,inferior.tech,available,8.99,68.99,high,low,8,namesilo,,,22/08/2026 04:19
6492b35b-b3a1-4bf7-bc3e-354447928199,settees.tech,available,,,medium,low,7,,,,
e2a5c752-78f0-4a42-97a4-f29869238c04,clauses.tech,available,,,high,low,7,,,,
d1201305-118f-4c2c-a1a6-fcfdec521b67,dewy.tech,premium,81.25,325,high,low,4,namecheap,,,09/08/2026 06:51
a54a0d93-e635-4fa8-a729-27740169695b,polytheistic.tech,available,,,high,high,12,,,,
345c575a-d183-4aaa-8d54-fa9ba4ef1814,perpetually.tech,available,,,high,high,11,,,,
2da55014-5942-4d4d-959d-8ffa688608bd,poster.tech,premium,781.25,,high,low,6,name.com,,,
067eadf4-79cc-4247-a62b-f189733e84cc,atomistic.tech,available,8.99,68.99,medium,low,9,namesilo,,,07/08/2026 13:42
54dcb51e-964b-4437-8ad1-4f6ee052ee35,haggai.tech,available,9.99,58.98,high,low,6,namecheap,,,17/09/2026 17:22
6e55360e-e8c0-4156-a010-8c643e61b390,geographic.tech,premium,312.5,1250,high,low,10,name.com,,,18/08/2026 22:27
e773693b-b3bf-4992-91e5-16212d97f7b2,quaker.tech,available,,,high,high,6,,,,
98df328c-1cd5-46e6-9712-257841e9c998,donkeywork.tech,premium,81.25,325,medium,low,10,namecheap,,,08/09/2026 21:22
09e6402c-4352-4176-83b5-d591184b913f,nuwss.tech,available,,,high,high,5,,,,
52f302db-669a-47df-a32f-7e30393273c4,boarding.tech,resell,,,high,low,8,,,,27/09/2026 11:44
8713435a-eec2-4c94-999e-dc80ce7ead6f,tractors.tech,premium,3450,3450,high,low,8,namesilo,,,21/09/2026 06:24
eb324815-7331-4209-86b9-4be95f8379c5,alarmingly.tech,available,5.98,58.98,medium,low,10,namecheap,,,13/09/2026 18:33
78dab3a9-e620-47a1-90b3-fceb004f2baf,handspike.tech,available,,,high,high,9,,,,
5ee43d91-5d52-41f1-8d46-7f73b9e75456,enforced.tech,available,8.99,68.99,high,low,8,namesilo,,,25/09/2026 09:45
8cb90870-83c5-4a15-8594-520f6f2e5143,bottleable.tech,available,,,high,high,10,,,,
b0be6cab-cae1-41ea-8d09-36c1871801b7,noneuropean.tech,available,,,high,high,12,,,,
d3b82342-6d42-485c-93e4-d41825c38f8b,shiva.tech,available,,,high,high,5,,,,
0d92a6a6-e3d0-4d27-974c-45a3d6867e38,bouncily.tech,available,,,high,high,8,,,,
e99dc1cf-9a94-4b57-9e1b-4d66253791c6,variedness.tech,available,,,high,high,10,,,,
f6855b5d-7d93-4e1f-8c3d-d5f19f4877af,aberdare.tech,premium,302.5,302.5,high,low,8,namesilo,,,16/09/2026 15:08
8299079e-5817-4245-b694-3a269b51241c,karen.tech,premium,1107,1107,high,low,5,namesilo,,,25/09/2026 08:08
1ad019f9-311b-4447-9c74-22f53c9e46f8,implore.tech,available,,,high,high,7,,,,
e988e159-651f-4c97-a244-a75333465061,aberdonian.tech,available,8.99,68.99,high,low,10,namesilo,,,
e231a459-04da-4579-9433-5c5c4a092cca,overdressed.tech,available,8.99,68.99,high,high,11,namesilo,,,16/09/2026 17:42
6afebdac-bdf3-419d-aaae-c2b75f015813,dependance.tech,available,8.99,68.99,medium,low,10,namesilo,,,17/09/2026 06:55
2aae605a-f3e1-4706-b6e9-178d02f56e68,assault.tech,resell,,,high,low,7,Squarespace Domains LLC,24/03/2019 01:18,24/03/2029 23:59,26/09/2026 04:04
14cbf05f-64d2-493e-ad04-2a5b2b2eac45,median.tech,resell,,,high,low,6,Squarespace Domains LLC,30/04/2024 00:33,30/04/2031 23:59,26/09/2026 07:29
a1a6146a-d36f-4f81-a2f3-170381797d74,streamlet.tech,available,8.99,68.99,high,high,9,namesilo,,,26/09/2026 09:20
f2d4cebb-b3f7-4493-b461-f481870ff342,switcheroo.tech,available,,,high,high,10,,,,
a1a25982-6834-4277-bc16-158464dd2e3b,indecent.tech,premium,302.5,302.5,high,low,8,namesilo,,,25/09/2026 09:06
04cfc8c4-77a2-42d9-9f26-e8ed3af30c5f,abiogenetical.tech,available,,,medium,low,13,,,,
dc0c4b02-fd1b-43e6-aa79-5b53f8723f2e,commonwealth.tech,available,,,high,high,12,,,,
6472f35e-73c1-45e8-a23d-ec44ed6d8b77,eulogizers.tech,available,,,medium,low,10,,,,
5bcf7b9a-e90e-4ade-baf0-b047a9dc2973,mannerism.tech,available,8.99,68.99,high,low,9,namesilo,,,17/09/2026 14:14
a23edb58-b7d6-4868-833a-1161b31ffe0b,dumbfound.tech,available,9.99,58.98,high,low,9,namecheap,,,21/09/2026 17:37
061284de-ff38-466a-8d0c-b87187709365,extraneous.tech,available,9.99,58.98,high,low,10,namecheap,,,17/08/2026 19:20
453eac80-b52a-4616-b924-34d6a2da89d7,howells.tech,available,,,high,high,7,,,,
5ed64a44-0ceb-48e9-a41f-1ea52a75893b,westralia.tech,available,,,high,high,9,,,,
fff769a7-ccd7-4d4f-9429-1b90585ee2e0,sequester.tech,available,9.99,58.98,high,low,9,namecheap,,,12/08/2026 21:06
8af1d355-b4c7-41ec-8194-83b73c7dc5d8,purell.tech,available,,,high,high,6,,,,
5489d4cc-4db0-4e93-9344-5ed2ff1b4ae6,pendent.tech,available,5.98,58.98,high,low,7,namecheap,,,08/09/2026 14:07
94dc1773-10fd-4850-89d7-124f4438f8be,playacting.tech,available,9.99,58.98,high,low,10,namecheap,,,
22e19fa5-c677-4ba4-b62a-65a4312f1408,encrypt.tech,premium,6900,6900,high,high,7,namesilo,,,27/09/2026 06:12
43976220-0e37-4da3-853d-9eaa475cd263,fanciness.tech,available,,,high,low,9,,,,
c2495244-daa4-47fd-ba04-08e2e9453e7f,hyderabad.tech,available,,,high,high,9,,,,
c4105af5-d8d8-4fe5-8fc5-ec70d5086ec0,spoilt.tech,premium,81.25,325,high,low,6,namecheap,,,10/08/2026 14:19
98a3d888-6ed0-42e7-8315-d86a6c45c78a,ecycle.tech,available,,,high,high,7,,,,
63400fae-52b0-4c9f-b06e-1ea186e50cf0,napoleons.tech,available,,,medium,low,9,,,,
b67ce5b2-98f6-4c11-8bec-751536bab670,societal.tech,premium,325,1300,high,medium,8,namecheap,,,10/09/2026 13:11
0323f3f8-4765-44b9-b01c-563595bc4526,multiplies.tech,available,,,high,high,10,,,,
413eee3c-e805-452f-ae7d-826680d0a8f9,pathologic.tech,available,8.99,68.99,medium,low,10,namesilo,,,14/08/2026 10:11
4a66252f-f35c-4933-94c4-2a5d858325e0,dribbling.tech,available,,,high,high,9,,,,
ee566cb3-5f08-4ad3-ac05-d6312901cd87,ricotta.tech,available,,,high,high,7,,,,
50036625-4eaf-44b1-ac75-d41ea88339b4,selectiveness.tech,available,,,high,low,13,,,,
7573610d-aeb8-4725-a1d6-4b4e17bc2a5f,hobbies.tech,premium,1107,1107,high,low,7,namesilo,,,20/09/2026 22:38
2d7ec092-a08c-4348-9af0-004672e6806a,sixteens.tech,available,,,medium,low,8,,,,
a88cfa29-defa-439a-bfcf-e58d4ae6355b,shutter.tech,available,,,high,high,7,,,,
780b3f0a-dfcb-46d1-8906-bd715b530046,venomless.tech,available,,,high,high,9,,,,
56cda69d-95dd-4a19-a1e0-98c2811a46dd,swerve.tech,premium,87.5,350,high,low,6,namecheap,,,
ee8d7d91-f745-4fa5-94c3-497d4678b98e,borderland.tech,available,,,high,high,10,,,,
acabc32b-ff61-44fb-bc2c-83b212430440,bankrolled.tech,available,,,medium,low,10,,,,
5c2d9f6b-ad2a-4d70-a51c-373f9090b537,album.tech,premium,312.5,,high,low,5,name.com,,,
e1d0a5a8-1e00-4d7e-876a-a8b7db0a700d,buyout.tech,available,,,high,high,6,,,,
f3f96308-7733-424d-96c1-d3ae82c75464,whaddaya.tech,available,,,high,high,8,,,,
e5aea36c-6ffd-44c0-9434-8f80cd83f8a0,guaranteed.tech,available,,,high,medium,10,,,,
c4c40a39-af55-45a9-85c7-d92c961016c4,divorcements.tech,available,,,medium,low,12,,,,
a06c96e5-c393-425e-8d11-aaa2ff2331ac,speedos.tech,available,,,high,low,7,,,,
14c49b3b-63a9-4c1d-9fea-0c31d0036738,glaur.tech,available,,,high,low,5,,,,
165a75be-c0bf-4242-92c8-f2be7dca6c70,podcastable.tech,available,,,high,high,11,,,,
896b2959-e223-4aad-968c-10e3f2c567e9,frail.tech,premium,156.25,625,high,low,5,name.com,,,18/08/2026 13:59
30be05da-a0bf-49e8-a3b2-a9618e4ad9be,arroba.tech,premium,325,1300,high,low,6,namecheap,,,20/09/2026 09:18
b06b360d-b3f5-4aa3-99d6-243eff784980,shiplap.tech,available,,,high,high,7,,,,
c41e5e1a-bbc9-4770-8fdd-0c3abf7f1977,contratrading.tech,available,,,medium,low,14,,,,
56a5a514-b4c6-4944-b5fb-a12c50e53e7d,recording.tech,premium,312.5,,high,low,9,name.com,,,
581cf2f1-ec8e-4143-8a76-27eb0d461d94,bodystocking.tech,available,,,high,high,12,,,,
3ff485ea-3e2e-4d64-a43e-b06fd06d6577,wbc.tech,available,,,high,high,3,,,,
d2d9ec77-e65e-4754-8b83-ff07d13d30ca,reunions.tech,premium,1107,1107,high,low,8,namesilo,,,21/09/2026 08:16
c36d84b7-0151-4f86-a5db-380e37ea8bb8,contortionists.tech,available,,,low,low,14,,,,
97c6050f-a934-423b-92ec-8cf88b52bdc4,hymnically.tech,available,,,medium,low,10,,,,
461088ad-ec82-4330-a2de-517dacfb509f,reemergence.tech,available,,,high,low,11,,,,
3b213cb0-5e4f-4312-a52e-af584b276938,pallid.tech,available,5.98,58.98,high,low,6,namecheap,,,04/09/2026 23:51
9956b4cf-15db-4f93-ab91-540011372154,twee.tech,premium,156.25,625,high,low,4,name.com,,,13/08/2026 15:49
cd0e7552-e2ac-434c-9ec2-b4974421dbfd,supervoluminous.tech,available,,,high,high,15,,,,
65c61f9e-2add-44ac-a926-24c06483807c,glasgow.tech,available,,,high,high,7,,,,
ae898775-8226-449e-9756-5c6cf9108018,languor.tech,available,,,high,high,7,,,,
7dfe6dba-d71b-48f8-8265-464280921ee9,immanently.tech,available,,,high,high,10,,,,
4c61aa9c-fcd4-4884-807c-5cbddcaa1ccc,presumably.tech,available,5.98,58.98,high,low,10,namecheap,,,15/09/2026 21:20
f0d401b4-10d0-43cd-aace-6fd67304b14a,lear.tech,available,,,high,high,4,,,,
0888dd3e-0977-41fb-85f0-272178843ef3,curves.tech,available,,,high,low,6,,,,
8fd4044f-c144-4be9-bad8-d1d627abe38c,boxful.tech,available,,,high,high,6,,,,
26bc2b77-173d-45ef-bfa0-ba7fd79f2d81,precast.tech,premium,81.25,325,high,low,7,namecheap,,,16/09/2026 01:12
1a34b90f-4a2e-48eb-8042-e844c86a6a14,andromedae.tech,available,,,high,low,10,,,,
ed5bae10-bb14-455e-8305-2f44e3e72ba1,somme.tech,premium,302.5,302.5,high,low,5,namesilo,,,22/09/2026 16:09
5dab0966-ebf1-4083-8c5c-15897402eadd,bug.tech,premium,1562.5,,high,low,3,name.com,,,
eace4e41-74f3-4c60-8485-abd2b82ac9d3,overstep.tech,available,5.98,58.98,high,low,8,namecheap,,,11/09/2026 17:25
6a896775-d7a1-430b-b78c-5d7bee3e6522,lizard.tech,resell,,,high,low,6,Squarespace Domains LLC,15/09/2020 20:57,15/09/2027 23:59,26/09/2026 07:16
e36f8455-8301-47d3-ae4f-2ea2d31e25e3,avuncular.tech,available,8.99,68.99,high,low,9,namesilo,,,07/08/2026 23:51
ec6a4916-6dc5-404e-b1d4-c927925cd8d3,abigayle.tech,available,,,high,high,8,,,,
06165137-d405-4a37-a704-07097bb3ecb9,blackjack.tech,premium,13800,13800,high,low,9,namesilo,,,24/09/2026 00:44
15c36a4c-2453-4cc8-8aa7-946635cdf3a0,conventional.tech,available,,,high,high,12,,,,
46da19e7-43c7-4df9-b9b8-ad916a534951,lollipops.tech,available,,,high,low,9,,,,
bb716ec8-4f16-40fa-bb8e-a39ccb552f6f,members.tech,premium,3450,3450,high,low,7,namesilo,,,25/09/2026 17:16
207bc582-ce6f-4cc4-a236-6704401a4471,allometry.tech,available,8.99,68.99,high,low,9,namesilo,,,18/09/2026 11:57
3612a686-725b-4e16-8c3a-89bed6afd5e2,workdays.tech,available,,,high,low,8,,,,
5d566cf7-ac5c-4def-a1c3-d90567032960,immediate.tech,resell,,,high,low,9,Squarespace Domains II LLC,20/08/2022 02:05,20/08/2034 23:59,26/09/2026 06:48
585a38a5-ff77-4976-aff0-4e1624d6177b,pin.tech,available,,,high,low,3,,,,
835b5ebf-ace3-41d0-91cd-e9fb9e4955d9,schooldays.tech,available,,,high,high,10,,,,
a373ecff-c5ce-4509-b501-492f8467e392,pwd.tech,available,,,high,high,3,,,,
6ab0adae-c1a6-4019-aa04-bcff97800422,sabine.tech,premium,162.5,650,high,medium,6,namecheap,,,09/09/2026 20:34
203c561d-3d71-472c-ba63-14df95badd11,deodorant.tech,premium,156.25,625,high,high,9,name.com,,,
4e62ae65-31e2-4bd1-8261-968e3383d091,flattens.tech,available,,,medium,low,8,,,,
33572843-b565-4e9d-b6a2-0c1a3016aca9,relocates.tech,available,,,high,low,9,,,,
735855df-ad4d-4d07-a76b-2f7e75130090,greetings.tech,premium,312.5,,high,low,9,name.com,,,
7ce85772-11c4-4a80-921e-a17395895621,accroaches.tech,available,,,low,low,10,,,,
8d8dcb01-323e-4d09-8686-f94dc378ffec,forrad.tech,available,8.99,68.99,high,low,6,namesilo,,,18/08/2026 12:58
7c2bca08-513c-4b3f-af95-76e41fb2da76,premise.tech,resell,,,high,low,7,Squarespace Domains LLC,24/11/2020 02:36,24/11/2026 23:59,26/09/2026 08:18
a193a651-ef83-4eb9-a919-6c98286b743a,ecommercial.tech,available,,,high,low,12,,,,
eaa9dc2a-5040-47dd-ab4f-43a340ff03b1,articulational.tech,available,,,medium,low,14,,,,
0e2b23cb-ced5-487d-abdd-bd76d6b492fa,typic.tech,premium,81.25,325,high,low,5,namecheap,,,11/09/2026 22:29
7e1310e0-e196-4827-b13f-559ae2c93f4e,malcontent.tech,available,8.99,68.99,high,low,10,namesilo,,,14/08/2026 09:23
00e8a2f7-1fdc-43f7-944f-3acb1c8cbca5,clotheth.tech,available,,,medium,low,8,,,,
a4966ebf-f911-4454-a77c-443c6cd38b28,internist.tech,available,,,high,high,9,,,,
e36bd45b-4969-4bb2-a4e8-4111d2a1fda1,selling.tech,premium,13800,13800,high,low,7,namesilo,,,25/09/2026 09:15
2328b889-4772-4827-8d8e-86bfcb36be85,ambiguous.tech,available,,,high,low,9,,,,
eadde7f9-c576-4ea0-9ad5-d32cb0be861c,severed.tech,available,13.99,89.99,high,low,7,name.com,,,13/08/2026 12:32
990e357a-6081-45a2-bb4b-0b7a23c24fbc,gallican.tech,available,8.99,68.99,high,low,8,namesilo,,,18/08/2026 19:40
74388c1a-eddf-4643-a9af-189b56af5712,indigen.tech,premium,81.25,325,high,low,7,namecheap,,,03/09/2026 13:47
30cab60d-ba3f-443c-a968-88682eb74d65,pod.tech,premium,781.25,3125,high,medium,3,name.com,,,12/08/2026 15:05
63acfc76-64a2-47a6-b14d-16759f9eef96,lightwater.tech,available,,,high,high,11,,,,
a6ef1919-ac35-4c6c-9448-2e06b1c480df,unclipped.tech,available,5.98,58.98,high,low,9,namecheap,,,12/09/2026 05:25
618d96e0-97a1-4c1e-800b-7ee0f6f48ba7,reasons.tech,premium,325,1300,high,low,7,namecheap,,,25/09/2026 20:13
fe1f5b76-fcba-4e82-96d1-a3d246f4eea8,whoopeedoo.tech,available,,,high,high,10,,,,
d2de652e-3246-4950-947e-08b180156c2c,nightclubber.tech,available,,,high,high,12,,,,
cca07d7c-e2ac-4e26-a784-d22a807f8f64,plc.tech,premium,1107,1107,high,low,3,namesilo,,,25/09/2026 12:32
fcba38ff-8a75-4ad9-aa4f-8605670531c7,atrocity.tech,premium,302.5,302.5,high,low,8,namesilo,,,21/09/2026 00:49
18a56bd0-787a-4afa-8f8b-d18d5a32c047,educationist.tech,available,,,high,high,12,,,,
ff14e726-6ebe-47b9-b996-b081e5ccafb4,cornhusker.tech,available,,,high,high,10,,,,
46cc58ca-e842-4e5c-a5e1-78558f80f8ee,chalybeate.tech,available,8.99,68.99,medium,low,10,namesilo,,,12/08/2026 01:32
753c59e8-c919-4f26-9a76-320f65cc5c2f,emulsion.tech,available,,,high,high,8,,,,
05088810-24b2-4422-b742-30052c859df3,antiphony.tech,available,8.99,68.99,medium,low,9,namesilo,,,19/09/2026 14:57
2048eecb-089f-4ad3-a55d-f03a86e1b4e5,urethra.tech,available,,,high,high,7,,,,
d8106ac1-be82-4e45-9616-4cd468d579a6,confuzzle.tech,available,,,high,high,9,,,,
62d7591b-ecb2-402d-8408-ad01deea71ba,ignites.tech,available,,,high,low,7,,,,
ad3b32ea-ad3b-4b39-9171-55a633854a31,supershow.tech,available,,,high,high,10,,,,
78b5096e-01e6-4f2c-94f0-7eb83532eeb3,attachable.tech,premium,156.25,625,high,low,10,name.com,,,07/08/2026 15:36
dcb2917d-440c-45fb-98dc-633808769c41,workers.tech,premium,156.25,,high,low,7,name.com,,,
a5870a62-3b8f-4482-aa14-912bb50a8f2c,haiduck.tech,available,,,high,high,7,,,,
f1b2942a-0776-4560-9f33-bf84ff88cf64,hairdryers.tech,available,8.99,68.99,high,low,10,namesilo,,,20/09/2026 13:02
247d4389-8c75-4b80-8909-c114ebdef095,scramblers.tech,available,,,medium,low,10,,,,
94df212d-0e06-4fbf-8f6e-05b5d4337fe2,immense.tech,resell,,,high,low,7,Squarespace Domains LLC,06/12/2018 01:49,06/12/2026 23:59,26/09/2026 06:49
e139517b-05be-45c1-81b7-cb77bbd56ae5,readier.tech,available,,,high,high,7,,,,
fa92b6af-44b9-4228-989c-f62d1813e25b,olympianism.tech,available,,,high,low,11,,,,
f9f55401-cac1-462a-aede-c6d2f5f72c9f,hamburgery.tech,available,,,high,high,10,,,,
08b6c08b-e6ae-45aa-8539-1c0c7fa4078c,abulia.tech,available,9.99,58.98,medium,low,6,namecheap,,,16/09/2026 16:41
a85bd3e6-26d5-4447-b16e-9dae3bb74137,allometric.tech,available,,,high,low,10,,,,
6553495e-23df-4b7b-8bab-8c219c3ffc3b,politesse.tech,available,,,high,high,9,,,,
228a0ed4-42b9-4645-81e9-13fcdc5c36b1,edition.tech,premium,162.5,650,high,high,7,namecheap,,,27/09/2026 06:21
b21cce59-594e-4106-a0bb-8dcc7f89d375,experient.tech,premium,81.25,325,high,low,9,namecheap,,,17/08/2026 18:12
58908676-3e30-4293-b6de-008d9a80b917,reverting.tech,available,5.98,58.98,high,low,9,namecheap,,,09/09/2026 15:58
8c07d169-7dc0-4437-873e-0ed7aeca0c64,ecosystem.tech,available,,,high,high,9,,,,
ce70448e-9e6f-4f03-8e59-0bd4e92012a2,investigates.tech,available,,,high,low,12,,,,
0c22e205-4195-4ba5-91c8-7ae3720f79b1,moose.tech,premium,1107,1107,high,low,5,namesilo,,,18/09/2026 03:57
c45c21f7-1f88-470c-aaea-b26d841307f4,arcus.tech,resell,,,high,low,5,Squarespace Domains LLC,31/05/2018 04:36,31/05/2027 23:59,26/09/2026 03:58
1b605162-7626-4740-8f52-d10956867b50,assesses.tech,available,,,high,low,8,,,,
966cb0d2-3d0a-4321-b3f1-0cbe23ef99b2,treater.tech,available,,,high,high,7,,,,
df6015e8-bfdb-49c9-9b0b-12a2c0ab85ff,discharges.tech,available,,,high,low,10,,,,
743da8e0-e779-4571-8594-cf904d5e8b19,intrinsically.tech,available,,,high,high,13,,,,
72ca4a9a-1d69-49fb-99f8-fe31f8912140,headspin.tech,available,,,high,high,8,,,,
2d65b3e3-9660-47f8-9808-029b1ea63576,latches.tech,available,,,high,low,7,,,,
ec9ec600-dd60-40ce-9baa-0fad624984fd,hone.tech,premium,325,1300,high,low,4,namecheap,,,08/09/2026 16:29
c5a4e422-6684-459c-a4f1-3144b3918a76,doorpost.tech,available,,,high,high,8,,,,
ae839219-957d-4aaa-899f-6caa8bef43e1,minoan.tech,premium,312.5,1250,high,low,6,name.com,,,24/08/2026 23:59
b82af218-0c0f-4fb5-b973-4b95726e8ad5,hypermarket.tech,premium,6900,6900,high,high,11,namesilo,,,25/09/2026 11:00
c0519178-ae70-45ac-a0bb-73317f2c06bb,connectors.tech,available,,,high,medium,10,,,,
d58665d1-53bf-44aa-b3c7-e8160d0ebfcd,assessments.tech,available,,,high,medium,11,,,,
64e1506d-bb50-460a-89b7-78e60ec170f6,result.tech,premium,312.5,,high,low,6,name.com,,,
2587ade6-f7f6-4aab-8485-40711bfe4863,reexaminations.tech,available,,,medium,low,14,,,,
12784199-a0a9-4913-ab48-a8d63d64fa7c,tangibles.tech,available,,,high,medium,9,,,,
e25cdf27-e9e1-483b-961c-6809de7d47bf,depend.tech,premium,87.5,350,high,low,6,namecheap,,,
9f169b5a-e25d-4748-929d-283c150ffb5a,modestly.tech,available,5.98,58.98,high,low,8,namecheap,,,15/09/2026 15:13
c0540242-cbe0-45f2-8498-8cafe0dbb74c,alphalytic.tech,available,,,high,high,10,,,,
f89ea69d-bbfc-4aa5-a556-2c4264ae173d,tapping.tech,available,,,high,high,7,,,,
b7135875-e96a-4003-9792-0d4c311a1e6b,andhra.tech,available,,,high,high,6,,,,
489c91f9-e7f7-4e6e-b19d-3ad7d6d6676e,promising.tech,premium,640,640,high,low,9,namesilo,,,27/09/2026 07:28
2b2ea8d3-cbb3-4231-a387-b45144f83ca8,articulationism.tech,available,,,low,low,15,,,,
ce11cafb-f940-473f-9ee7-eacfbb12cc4f,accoutered.tech,available,8.99,68.99,high,low,10,namesilo,,,
8f1e725b-1fe9-4fbd-8e44-ca9e3c7510d4,undressed.tech,premium,81.25,325,high,low,9,namecheap,,,12/09/2026 00:51
6f39fc6e-c19b-4dae-8189-45b1c324bf79,glary.tech,premium,81.25,325,medium,low,5,namecheap,,,10/08/2026 13:49
097f0b78-d4b6-4a51-abff-177632c4aae9,expiration.tech,available,,,high,medium,10,,,,
f7996b73-f4e5-4cf4-a545-47c9f7d61c9a,throw.tech,resell,,,high,low,5,Squarespace Domains LLC,25/04/2021 05:55,25/04/2027 23:59,26/09/2026 09:37
9fafde64-2876-4b19-b25f-e5ab9f80d70f,azt.tech,resell,,,high,low,3,Squarespace Domains LLC,21/02/2016 11:27,21/02/2027 23:59,26/09/2026 04:11
097f1e23-409f-4dd2-9e5c-c1e95f839d1a,hasek.tech,available,,,high,high,5,,,,
c2a15719-4cbb-4e6a-8d9c-dbdeac0a5978,solidly.tech,premium,81.25,325,high,low,7,namecheap,,,16/09/2026 04:03
e74c5815-9f25-4703-bc91-dc44dc95efd9,independently.tech,available,,,high,high,13,,,,
e22e4dec-00ca-4e0e-9be1-a0fd722a4952,coulometric.tech,available,,,high,high,11,,,,
fd5ffd89-7af2-4265-a678-a6f75ddfc7d0,strut.tech,resell,,,high,low,5,Squarespace Domains II LLC,09/08/2020 08:27,09/08/2034 23:59,26/09/2026 09:21
7e256908-682d-4bc7-9a9e-0d28109579a2,wolfwoman.tech,available,,,high,high,9,,,,
d047cf2a-df11-44f3-aaf7-d18b1f79dd78,coquette.tech,available,,,high,high,8,,,,
1c565dc8-17ec-4d49-bc60-2f708a6f239c,speedway.tech,premium,3450,3450,high,high,8,namesilo,,,27/09/2026 05:57
01252bee-f635-47c9-bbda-e25197d8bc30,cobblestones.tech,available,,,high,low,12,,,,
4f713422-bd4d-481d-995c-890590859623,overqualified.tech,available,,,high,high,13,,,,
508f176b-66a1-412f-9439-73300075b3ca,swoops.tech,available,,,high,low,6,,,,
30ea1249-6357-48bb-b74e-67c6b63ae7fb,richest.tech,available,,,high,low,7,,,,
168388dd-1bf2-432e-bf21-961150df51d7,elfish.tech,premium,312.5,1250,high,low,6,name.com,,,16/08/2026 03:41
fc84e5d0-e9cd-4b68-a049-433388bb5f24,bodypaint.tech,available,,,high,high,10,,,,
3cb0d9d6-0506-4aa9-baa0-1f19b1a1e74a,intends.tech,available,,,medium,low,7,,,,
2aa1997f-b899-410b-9f96-6cebe146ecfb,endorphins.tech,available,,,high,medium,10,,,,
04ba5f54-7f2d-44b7-9286-c9c67abbdf41,hillside.tech,available,,,high,high,8,,,,
d1c5d7e6-30d4-4faf-835a-5776a63cb5b2,chefwear.tech,available,,,high,low,8,,,,
e4a9b3ba-9ed0-435b-8586-2a0dce4c1a37,oopsy.tech,available,,,high,high,5,,,,
f67e59fc-93cf-41b7-98bd-e36ba69912ac,populated.tech,available,5.98,58.98,high,low,9,namecheap,,,08/09/2026 23:55
82d54796-34ba-44a1-a1b5-29dc70347fa7,recipes.tech,available,,,high,medium,7,,,,
ccd25f99-c993-487d-b877-636341a9f904,megainfluencer.tech,available,,,high,high,14,,,,
80b39fc3-f99f-472a-9ea4-222ac53c8ec8,clam.tech,premium,156.25,,high,low,4,name.com,,,
7fb1f05f-33d4-4032-88b3-ef487ec0edc3,subtextual.tech,available,,,high,high,10,,,,
0c8786a5-2c06-4685-92f6-4f6815f09ec7,inspected.tech,available,,,high,medium,9,,,,
0d3e7285-9e33-4cfe-b009-04335a309ee6,wooing.tech,premium,302.5,302.5,high,high,6,namesilo,,,27/09/2026 05:08
cfef9924-701c-4523-bc73-7cde6ef23d13,chess.tech,premium,13800,13800,high,medium,5,namesilo,,,24/09/2026 10:43
80cc6c06-8449-4a17-b7ae-bb2d5b821c34,ackee.tech,premium,640,640,high,low,5,namesilo,,,17/09/2026 01:52
c5c33234-9079-4a61-a177-1c2659a8fce1,beneath.tech,premium,312.5,,high,low,7,name.com,,,
a2b44d8d-425f-49a9-b4cf-dde8a05bfa1c,repeats.tech,available,,,high,low,7,,,,
c6326bfb-e78c-486e-8150-c16b3b29fcc6,chowder.tech,available,,,high,high,7,,,,
8d248e4c-ad0f-4770-adf3-b3c6ba4e3052,grainau.tech,available,,,high,high,7,,,,
54652a3a-c095-401c-9153-88987f8ec825,quoter.tech,available,,,high,high,6,,,,
9a591e56-cb9d-40be-8996-b0aa2c3bcf89,generators.tech,premium,1562.5,,high,low,10,name.com,,,
027a2dc4-963e-48a7-ab03-65faaa494bc9,copacking.tech,available,,,high,low,9,,,,
04002dea-307d-40d9-a923-cba3709ff5f4,spouse.tech,resell,,,high,low,6,Squarespace Domains LLC,07/02/2020 06:14,07/02/2027 23:59,26/09/2026 09:14
83b8ecf9-f678-4111-bc2f-21d81d65081e,litanic.tech,available,,,high,high,7,,,,
a3ff709a-9070-4e3a-b1c6-56573d25bf89,acknowledged.tech,available,13.99,,high,low,12,name.com,,,
d1e79b00-46b8-4e57-aa02-342d1ad3a280,medals.tech,premium,312.5,,high,low,6,name.com,,,
255fd920-5ce2-4cfa-b066-10628234c022,unitarian.tech,available,5.98,58.98,high,low,9,namecheap,,,12/09/2026 13:56
cea6f75d-7ee9-472a-b879-21e50cfa298c,photosynthetic.tech,available,,,high,high,14,,,,
00a6f780-045f-4421-9108-a1aa955cf942,timid.tech,premium,81.25,325,high,low,5,namecheap,,,11/08/2026 22:46
dd47885a-4c9f-4fdc-a8db-91a95a117532,articulomaxillary.tech,available,,,medium,low,17,,,,
e665bf06-8a24-48a9-89cd-149631aa009d,greenlandic.tech,available,,,high,high,11,,,,
4face619-1f7e-429c-a557-ec1b0099e72f,springfield.tech,available,,,high,high,11,,,,
91c71b64-657b-4f9a-ab2c-c71c1b6c8a00,istambul.tech,available,,,high,high,8,,,,
bd439f55-4fb1-4533-b18b-94f4d05c59d4,gorges.tech,available,,,high,medium,6,,,,
a7cb4ec4-03f9-44ec-a6bc-5441a35ed508,heptyl.tech,available,,,high,high,6,,,,
d7f28ac2-65cb-4b75-9ccc-15364dbdc91f,khakas.tech,available,,,high,high,6,,,,
bd72bd85-c10c-454e-b6fa-f9283abf7fa5,heraldic.tech,available,8.99,68.99,high,low,8,namesilo,,,21/08/2026 06:53
03abdb91-2d5e-47b2-bd88-f6faf7d2851b,unsaid.tech,premium,81.25,325,high,low,6,namecheap,,,12/09/2026 09:43
17c01433-d5f5-40e4-861b-78db27c93fd2,adnexa.tech,available,7.99,89.99,high,low,6,name.com,,,17/09/2026 09:05
d14aefc5-1ad4-4a80-856c-d745211d9a6f,marination.tech,available,,,high,low,10,,,,
2afc9547-e11d-4fbd-a28d-779a4d79e257,xxxv.tech,premium,156.25,625,high,low,4,name.com,,,
b6f311d8-81d5-4abd-a74f-d632c162b012,harmonium.tech,available,,,high,high,9,,,,
35c08356-0556-42f9-8ce6-802e3e864600,bribable.tech,available,8.99,68.99,medium,low,8,namesilo,,,11/08/2026 03:42
03535206-0dbc-4928-a925-147dda617481,vitiate.tech,available,8.99,68.99,medium,low,7,namesilo,,,13/08/2026 02:22
5537867d-5077-44f4-aafe-c96d639ebb8a,npapi.tech,available,,,high,high,5,,,,
7b8639d0-9ac0-4fca-8650-857fc894a220,javaee.tech,available,,,high,high,6,,,,
7bbbb4dc-f4bb-45aa-b225-9f4ecc2554c3,stainland.tech,available,,,high,high,9,,,,
a1c45d69-a917-4dbb-ac8f-a413bda21b14,samarcand.tech,available,,,high,high,9,,,,
c91e8c68-2e1e-442e-9436-25fe75290ef0,suds.tech,available,,,high,high,4,,,,
84bd5059-844c-4d22-899e-7ecc01979c94,investment.tech,premium,34500,34500,high,low,10,namesilo,,,27/09/2026 01:52
9df74abe-cf9d-460d-80f4-0e5300b3309c,aare.tech,premium,640,640,high,low,4,namesilo,,,16/09/2026 13:18
bd4ecf13-4cdd-4120-9fba-85932af55101,barbel.tech,available,8.99,68.99,high,low,6,namesilo,,,22/09/2026 04:47
93c5d0d2-903f-4428-a1f4-48dad883c40b,thru.tech,available,,,high,high,4,,,,
c10bc35a-7f02-4e1c-894d-46229b273cae,favour.tech,resell,,,high,low,6,Squarespace Domains LLC,11/03/2018 15:23,11/03/2027 23:59,26/09/2026 06:02
a35ab926-ac9c-4b54-adb9-4d4dde810044,czechoslovak.tech,premium,640,640,high,low,12,namesilo,,,26/09/2026 03:18
5a9d1c94-6ddc-4767-bbdd-1a7de7c56013,prometheus.tech,resell,,,high,high,10,"NameCheap, Inc.",08/04/2019 21:57,08/04/2027 23:59,26/09/2026 08:22
11af9d06-855f-440e-bdc7-55b2cc5b6374,arapahoe.tech,premium,302.5,302.5,high,low,8,namesilo,,,20/09/2026 00:11
cd273bb8-ee2c-4497-bd83-de0c58cf6e07,schoolfriends.tech,available,,,high,low,13,,,,
517f86f8-9b89-4466-bae2-944ecb783136,localise.tech,available,,,high,high,8,,,,
f028ea80-439b-4ba7-8ecc-7c34f5993a39,divinitise.tech,available,,,medium,low,10,,,,
0c87f2f0-f0a2-445e-90aa-0833791f8bd5,ascoma.tech,premium,302.5,302.5,high,low,6,namesilo,,,20/09/2026 13:22
c86151da-22c9-40e3-a0d0-2a0e5021fa03,hinault.tech,available,8.99,68.99,high,low,7,namesilo,,,23/09/2026 09:48
55c2aa4f-680c-4a4b-abfa-65dc0d75e706,brit.tech,premium,312.5,1250,high,low,4,name.com,,,11/08/2026 04:52
273491be-4be7-436e-bd6f-661297fd64f4,tiro.tech,premium,1107,1107,high,low,4,namesilo,,,23/09/2026 02:28
06b1db98-da8e-4fc9-b4da-e914a32d86ad,bedeck.tech,available,,,high,high,6,,,,
2005b748-869c-423a-a8e4-eb892c983579,calcined.tech,available,,,high,high,8,,,,
8929e528-be54-48fe-9951-d43f9a4404c6,meandering.tech,available,,,high,high,10,,,,
06123d69-1fbb-4e88-8f14-1d0f5d80cf37,returned.tech,available,8.99,68.99,high,low,8,namesilo,,,
233868f8-d477-4cf2-9552-5206e526d4b9,countercharged.tech,available,,,medium,low,14,,,,
bbc5c400-9b37-43a8-95ed-3f5bc3d3f006,remiss.tech,available,5.98,58.98,high,low,6,namecheap,,,09/09/2026 13:46
a6a23b05-8960-46d0-af94-71baeb07e5cb,negroamerican.tech,available,,,high,high,14,,,,
00b66a0d-cada-49c1-8633-81fabdc60827,rewatch.tech,available,,,high,high,7,,,,
605c1dda-72e2-460f-9b03-d53c8ffe80ea,row.tech,premium,3450,3450,high,low,3,namesilo,,,25/09/2026 05:05
c8b0d2c7-f010-4005-bf37-a8417a030a0a,farmsteads.tech,available,,,high,low,10,,,,
4a7608e0-b09b-4ea5-b276-0492bc4b1fd1,pteranodon.tech,available,8.99,68.99,high,high,10,namesilo,,,26/09/2026 08:24
4cd4e150-97c6-479a-b9f4-f07b1aa69f98,didrikson.tech,available,8.99,68.99,high,low,9,namesilo,,,21/09/2026 12:34
29afaaa4-2bc2-42bb-8553-d886364c9736,unbeknown.tech,available,5.98,58.98,high,low,9,namecheap,,,12/09/2026 01:47
58cd8c6d-3e01-4686-bb33-b6384fe8359a,xaerogel.tech,available,,,high,low,9,,,,
306b132f-f4be-47aa-bf19-70caf7182c5a,duckbill.tech,premium,81.25,325,high,low,8,namecheap,,,14/08/2026 20:46
5c0e500e-a198-4158-bc06-bc2b0968b0b7,encouragement.tech,available,,,high,high,13,,,,
588a69ea-eab3-492a-b531-8903bd68f4ad,bluey.tech,available,,,high,high,5,,,,
bc04391a-ad3e-4fae-a035-e1fc1f17dd49,dollar.tech,premium,781.25,,high,low,6,name.com,,,
ed7384b8-96c0-499b-9bd7-8f5827e28f35,antapex.tech,available,8.99,68.99,medium,low,7,namesilo,,,19/09/2026 12:32
884d4104-f3a5-42a7-a6ba-fd193b933fdb,week.tech,available,,,high,low,4,,,,
612b7fce-0c79-4bde-8745-73c3f6e32bbf,fusty.tech,available,8.99,68.99,medium,low,5,namesilo,,,18/08/2026 16:42
a7914767-2c4d-44bf-9884-913521facef6,giavanna.tech,available,,,high,high,8,,,,
67b24317-28f7-43e1-a6cf-ab37fdcfb407,disliked.tech,premium,156.25,625,medium,low,8,name.com,,,14/08/2026 11:29
e4991d4b-5eed-41c9-8cb3-48b9ad3c1afd,arachnid.tech,premium,640,640,high,low,8,namesilo,,,19/09/2026 23:40
30b90229-4c7f-4f2c-9617-fc6b4f665ba1,doe.tech,available,,,high,high,3,,,,
41d2c2ff-45c5-4b66-bdaf-a55781d64c41,lobar.tech,available,8.99,68.99,medium,low,5,namesilo,,,24/08/2026 08:33
4aaa9bd4-58ab-4b47-ab55-2674aec1d7c6,kirchhoff.tech,available,,,high,high,9,,,,
b3b49e4c-e47c-41ea-b0c2-cdd1d13d3cdc,eurogamer.tech,available,9.99,58.98,high,high,9,namecheap,,,27/09/2026 05:38
a05fad81-c649-455e-96cf-cfd403274858,jimmies.tech,available,,,high,high,7,,,,
279d12fa-0013-4ee1-baa3-dcb995a68efd,reremouse.tech,available,,,high,high,9,,,,
dbc8ab78-9224-4ee1-aeeb-836fd2efd5c8,compote.tech,available,,,high,high,7,,,,
b0248587-6ec6-410d-ba4f-8f3a74647cab,california.tech,premium,781.25,,high,low,10,name.com,,,
ec486018-5c14-4243-b9bb-041a7dd224d6,accumulate.tech,resell,,,high,low,10,Squarespace Domains LLC,09/07/2020 00:54,09/07/2027 23:59,26/09/2026 01:20
0bc0048f-2d7c-4557-bf5a-fc3fac5f912e,pervades.tech,available,,,medium,low,8,,,,
ca30353e-28ef-4cba-b939-c048a3d8fea7,fouesnant.tech,available,,,high,medium,9,,,,
6e65a423-bb67-4e76-b956-8abd18c96ded,shorthaired.tech,available,,,high,high,11,,,,
2af17581-754d-48f4-9d15-046f5627712a,godhood.tech,available,,,high,high,7,,,,
1a81d142-b838-4d7d-b829-d9ab47b2d87e,explantation.tech,available,,,high,low,12,,,,
81660d05-5e1a-4c4d-bb56-333a5863d6ce,raincoat.tech,available,,,high,high,8,,,,
21dd1a9e-af73-453f-a526-692634c17d29,continuo.tech,premium,640,640,high,low,8,namesilo,,,22/09/2026 12:27
eeff03ff-9313-4ae7-a9b7-1a14ef570002,repatriate.tech,available,,,high,high,10,,,,
f93e2e8a-620f-4a80-b782-0857e5d6426d,cane.tech,premium,156.25,,high,low,4,name.com,,,
882cb8e4-73f9-48a7-b6e3-1006c0f8f9c4,receptacles.tech,available,,,medium,low,11,,,,
a7b466d9-5068-4553-acf1-7e654098f81d,gladdens.tech,available,,,medium,low,8,,,,
bfaad95b-4748-4983-9417-848801c245d0,bonnet.tech,premium,162.5,650,high,low,6,namecheap,,,24/09/2026 06:40
3c44cf76-09ff-4a91-908f-5872bfaf5d44,autarch.tech,available,,,high,medium,7,,,,
e0d50f61-2b47-4612-b0a7-8e48f46ba8a8,outsize.tech,premium,81.25,325,high,low,7,namecheap,,,04/09/2026 19:38
31198c1a-4973-48e2-b028-a1f9cb5a0cf4,stability.tech,resell,,,high,low,9,Squarespace Domains LLC,17/11/2020 04:22,17/11/2026 23:59,26/09/2026 09:15
af129536-68ab-4515-bdac-d1d14d53667a,bns.tech,resell,,,high,low,3,"Chengdu West Dimension Digital Technology Co., Ltd.",30/11/2015 02:32,30/11/2026 23:59,26/09/2026 04:31
6239bd2b-f275-4d19-8855-44e187b9d157,championing.tech,available,,,high,high,11,,,,
a3020dae-d213-4277-93bc-82a3c18fa5c0,cozumel.tech,available,,,high,high,7,,,,
ccb3a2e2-5ac4-43f4-86c5-dcad8d22d3d2,abdullah.tech,premium,325,1300,high,high,8,namecheap,,,
fc8f0018-b388-4bc4-8ec7-d6b6c943a9a6,atkinson.tech,premium,640,640,high,low,8,namesilo,,,25/09/2026 17:41
cf0eb093-6a17-42af-82c0-ed2cbf8f0c31,linelike.tech,available,8.99,68.99,medium,low,8,namesilo,,,23/08/2026 15:03
a50bf18b-1c24-4d85-8659-e157eb4537ca,honored.tech,available,8.99,68.99,high,low,7,namesilo,,,17/08/2026 13:25
70e292a1-b430-4665-a34f-043fe9b9c617,explicitly.tech,available,5.98,58.98,high,low,10,namecheap,,,14/09/2026 17:07
03fcd77c-8ae0-43bf-8e91-a2ee6f02e725,ridgil.tech,available,,,high,high,6,,,,
7132d26e-4170-4089-b7fb-39fa2d08e37a,cannabutter.tech,available,,,high,high,11,,,,
d4e32047-82d6-484d-9582-8d616491b0eb,softhearted.tech,available,,,high,high,11,,,,
8307003e-50df-4250-902e-983ae5794bf7,witticism.tech,available,,,high,high,9,,,,
cee4bc35-c126-471e-b052-81990a029572,snacker.tech,available,,,high,high,7,,,,
823e868c-dc41-464d-be87-5e1825d34098,yarmouth.tech,available,,,high,high,8,,,,
186243ff-b9cb-4e17-9ffe-cfd98cd248e0,moreover.tech,premium,81.25,325,high,low,8,namecheap,,,14/09/2026 20:44
d4c97c1f-689b-4ea7-a487-62f8cf507772,antebellum.tech,premium,81.25,325,high,low,10,namecheap,,,
33c4b123-ec90-4f77-9a57-66ea5ddedd34,mcu.tech,available,,,high,high,3,,,,
40ade430-0968-4e91-ac7f-ec56b96da6e4,inhaling.tech,available,,,high,high,8,,,,
60f7eea9-e7c4-47b0-9aa7-98044c9a7875,bakeryful.tech,available,,,high,low,9,,,,
286d28aa-aaff-4a21-b31c-a8e49e5971c6,perennial.tech,resell,,,high,low,9,Squarespace Domains LLC,20/12/2022 00:29,20/12/2026 23:59,26/09/2026 08:06
efc3b1c8-d641-459d-a741-37746b859a03,exterior.tech,premium,156.25,625,high,low,8,name.com,,,17/08/2026 19:05
bbafd747-4569-47e2-b685-6fa1ce9d480f,contorting.tech,available,,,medium,low,10,,,,
84766ebc-2e7f-4faa-af66-2a4d01a3c340,bulbs.tech,available,,,high,low,5,,,,
bea3446f-6949-47c2-bfa8-e13f17873079,yamani.tech,premium,81.25,325,high,low,6,namecheap,,,17/09/2026 20:29
cdcde38b-ceca-4507-9bff-183d672d5b2c,absolutizable.tech,available,,,medium,low,13,,,,
d6892dfc-af2b-40ca-8af1-e8c660832a7e,promulgation.tech,available,,,high,low,12,,,,
2c74da4a-38f2-4552-aeca-4c6e8a74f3d0,stodgy.tech,available,8.99,68.99,high,low,6,namesilo,,,18/08/2026 10:04
32e86b05-a05b-47c5-b375-afad8149c8ac,legal.tech,premium,7812.5,31250,high,medium,5,name.com,,,22/08/2026 22:52
587e89ac-4b86-4fe2-99c0-ab883292d049,ankara.tech,premium,640,640,high,low,6,namesilo,,,19/09/2026 07:05
6081a08d-2af5-41e3-b968-acd16e72e1ed,anticline.tech,available,,,high,high,9,,,,
09c978a1-67c9-44bc-8b1e-a29d56e33d5a,bravos.tech,available,,,high,medium,6,,,,
23347a13-6fb0-41f6-81fb-710a9849e90f,allophonic.tech,available,8.99,68.99,high,low,10,namesilo,,,
0cd9b0ce-a598-474d-9887-fd5f0d76ee2e,frenchwoman.tech,available,,,high,high,11,,,,
95889987-ba9a-4731-87c8-a45bbc57f2b8,moustache.tech,available,,,high,high,9,,,,
ba770f82-4bc8-4e01-8063-4baffeba63d7,bedazzled.tech,available,,,high,high,9,,,,
f88519a4-9e1f-4fa9-98e0-cd4829ce2fc3,preteen.tech,premium,81.25,325,high,medium,7,namecheap,,,09/09/2026 01:08
06d2a7a6-ba35-44a5-8582-b9720a7ea6b0,megavolts.tech,available,,,medium,low,10,,,,
a4ecf4f3-0392-47c5-a9d6-09995086955c,obstetric.tech,premium,81.25,325,high,low,9,namecheap,,,04/09/2026 00:03
1f719762-2cee-419e-8d96-4f701cab4498,geniuses.tech,available,,,high,low,8,,,,
e4f5ee0f-3458-4785-82ff-f18007b6e1ed,metallicly.tech,available,,,high,high,10,,,,
7a1dd63f-8284-49a7-b3ed-ea72f3317c98,quo.tech,available,,,high,high,3,,,,
d705779d-466b-4b1d-8725-6c8eb27cf2e4,stiffened.tech,available,,,medium,low,9,,,,
62a2db52-bc85-43c5-92c6-f5b520e127c0,scotchtape.tech,available,8.99,68.99,high,high,10,namesilo,,,16/09/2026 11:38
60d69d1a-0761-4bd3-84ec-1e8c335b9c67,blewit.tech,available,9.99,58.98,low,low,7,namecheap,,,17/09/2026 21:32
def2e029-ea3e-45b9-a02c-ff77aaf71b6e,lissom.tech,resell,,,high,low,6,"Xiamen ChinaSource Internet Service Co., Ltd",07/01/2026 11:20,07/01/2027 23:59,26/09/2026 07:15
ea52bfe0-5a9c-450f-92c7-966f10a1c185,conclude.tech,premium,1107,1107,high,high,8,namesilo,,,27/09/2026 05:39
8d17086e-33b5-4b46-ba0f-fbea71ee371a,segue.tech,available,,,high,high,5,,,,
f27763d0-b73f-41bd-92b4-cb38c5108d7b,defined.tech,resell,,,high,low,7,"GoDaddy.com, LLC",08/03/2017 14:44,08/03/2027 23:59,26/09/2026 05:28
3aa2be9f-e366-40c0-acfe-0b763191ab00,maglevs.tech,available,,,medium,low,7,,,,
2f33f12e-8358-4b80-ac35-85a1f29a69e2,theatrical.tech,premium,162.5,650,high,low,10,namecheap,,,11/09/2026 12:33
939f5993-2cf6-4a31-92d1-ad530938910e,whissendine.tech,available,,,high,high,11,,,,
cc702908-ba1e-46bb-8a48-1c1c5a6c747e,nevermore.tech,resell,,,medium,low,9,West263 International Limited,19/08/2026 21:23,19/08/2027 21:23,26/09/2026 07:45
2d88ad23-1107-4428-9420-6d21cb7c6545,recordable.tech,available,,,high,high,10,,,,
acdd9fe2-67ef-4191-a63d-d6be8a036f8e,apatite.tech,premium,640,640,high,low,7,namesilo,,,19/09/2026 16:18
e992bdf8-79c4-4464-8356-c4168f47c6eb,blanched.tech,available,8.99,68.99,medium,low,8,namesilo,,,07/08/2026 02:14
1dc17e39-6eb5-4dc8-bd1a-89e560a54b47,unchanged.tech,available,5.98,58.98,high,low,9,namecheap,,,12/09/2026 00:32
ce07a779-e2c2-42e0-b405-7117a2cac3b4,frija.tech,available,,,high,high,5,,,,
58c8e14c-de64-415c-960c-35abb5b5a425,taskent.tech,available,,,high,high,7,,,,
181ce3d9-80c1-42ae-a7f9-73b27508aaff,creamer.tech,available,,,high,high,7,,,,
38487815-2460-4e0f-b3e5-0e52548d4e3f,berk.tech,premium,325,1300,high,low,4,namecheap,,,23/09/2026 09:31
fe7b4d2a-2394-4815-b04d-11938cd2221f,flotus.tech,available,,,high,low,6,,,,
251e15f7-29b3-4380-81d3-ecb119a1b478,bathmats.tech,available,,,high,low,8,,,,
da6465c2-22cd-40fb-a4cc-ba421e3374cf,awhile.tech,premium,87.5,350,high,low,6,namecheap,,,
ff5df950-99ae-4283-b70b-e28aca57ad83,stanly.tech,available,,,high,high,6,,,,
b048c89d-d99a-4127-873e-2f30d30424c9,barwood.tech,available,8.99,68.99,medium,low,8,namesilo,,,
e8a737cd-a84d-4e9f-aad4-667db3cc18b7,unrestrictedly.tech,available,,,high,high,14,,,,
1a3d1869-cc4e-4dd9-abe6-54a81bf45a79,fortuitous.tech,premium,81.25,325,high,low,10,namecheap,,,18/08/2026 12:43
82515952-fbd6-4857-85a7-23bfcae19e68,biometrics.tech,premium,1625,6500,high,low,10,namecheap,,,23/09/2026 18:33
0ecf73e3-dcec-4e16-b8e8-29a039302fab,steiner.tech,resell,,,high,low,7,Squarespace Domains LLC,06/07/2019 19:36,06/07/2027 23:59,26/09/2026 09:18
09667e0a-46a9-4a75-aa1a-408167e218c6,sibelius.tech,available,,,high,high,8,,,,
d51a3f2c-650d-4d7a-97bd-24524725097b,camembert.tech,available,,,high,high,9,,,,
6541a563-e72c-4824-a357-dd0324618262,daydreaming.tech,available,,,high,high,11,,,,
757e1709-bcb4-4fcd-9d48-46d1ea9b3b51,senescent.tech,available,8.99,68.99,high,low,9,namesilo,,,
d63b2701-4544-49ef-b2bf-1e16e6286801,substantiate.tech,available,,,high,high,12,,,,
703eb22f-6683-476d-a3dc-d3dfafcb2b0c,silvervine.tech,premium,81.25,325,medium,low,10,namecheap,,,17/09/2026 04:49
6199e87a-e88b-4162-8813-4cca649c8b56,befog.tech,premium,81.25,325,medium,low,5,namecheap,,,03/09/2026 23:52
0aff28b7-94bc-4531-9a7a-daf9cb422d55,bal.tech,available,,,high,high,3,,,,
afe1aac0-3307-471d-9b6e-12319441c05d,stole.tech,premium,640,640,high,low,5,namesilo,,,27/09/2026 05:29
2a32625b-61da-4331-a6d2-67cb56bbbe36,international.tech,premium,3450,3450,high,medium,13,namesilo,,,25/09/2026 11:34
4783b350-9e82-4b55-9697-801b2fbd3e53,imitative.tech,available,8.99,68.99,high,low,9,namesilo,,,13/08/2026 03:34
eee836ab-42b3-408c-88f7-88aa5fbeea5f,suitcase.tech,premium,640,640,high,high,8,namesilo,,,27/09/2026 05:20
d06d9024-5fc9-4ba2-8739-7bb99143e092,nfl.tech,premium,1107,1107,high,low,3,namesilo,,,26/09/2026 03:28
4665b7a1-9790-4e81-ba17-135902f5e980,resuscitation.tech,available,,,high,low,13,,,,
1bbb03a4-7368-4d1f-a577-056f855a22e6,candlelights.tech,available,,,high,low,12,,,,
8c34c855-09a4-49a5-9c1f-83bb443b4096,nationalism.tech,available,,,high,high,11,,,,
dcdbecb2-9875-4d89-ad04-907521e5e918,antakya.tech,premium,81.25,325,medium,low,7,namecheap,,,19/09/2026 12:30
a197c18d-5a0d-4082-a042-50469249d2f2,boaster.tech,premium,81.25,325,medium,low,7,namecheap,,,11/08/2026 01:18
9a20181b-b5cd-4aa8-a30a-0ccd93e27870,partition.tech,available,,,high,high,9,,,,
388f1a6c-ce1b-4b2d-bea1-e572c09738e1,humbug.tech,premium,302.5,302.5,high,low,6,namesilo,,,21/09/2026 23:48
9f0b27bc-a3c7-4ad4-beac-006845939e99,pondage.tech,available,,,high,high,7,,,,
21ccaa90-72a9-4449-a8cf-17383abccd8c,skilfull.tech,available,,,high,high,8,,,,
d30de1de-3d40-4606-941e-70f0737a61eb,tap.tech,premium,6900,6900,high,medium,3,namesilo,,,27/09/2026 03:03
46090cfc-eb31-4ca5-aa1c-6e509d8cc869,captive.tech,resell,,,high,low,7,Alibaba Cloud Computing Ltd. d/b/a HiChina (www.net.cn),07/02/2019 21:14,07/02/2027 23:59,26/09/2026 04:46
8e587fcb-7c00-4018-8838-cc9ba5c55047,olefin.tech,available,8.99,68.99,high,low,6,namesilo,,,18/09/2026 08:30
aa9ef9b9-9e14-4986-a1e3-0ef9586bd4f1,aboveboard.tech,premium,81.25,325,high,low,10,namecheap,,,
ddae25d4-d1e7-44c9-bdf2-2915468a422d,infective.tech,available,8.99,68.99,high,low,9,namesilo,,,22/08/2026 04:14
7b964f27-4e33-44b3-bd0c-f56ed041c7aa,upturned.tech,available,5.98,58.98,high,low,8,namecheap,,,04/09/2026 21:58
eb36d7ba-bb82-4878-a895-d1b729c09e3c,abbott.tech,premium,812.5,3250,high,high,6,namecheap,,,
785ddfe4-c71a-4b66-aba2-26accc60f60c,barred.tech,premium,312.5,1250,high,low,6,name.com,,,08/08/2026 20:37
70b2ea0f-2e2e-4c02-8d1f-f73c0b7b871e,olympicly.tech,available,,,high,high,9,,,,
179f3823-faac-4375-980a-858bae84c4dd,underarm.tech,available,5.98,58.98,high,low,8,namecheap,,,12/09/2026 07:21
a5611ed5-763a-4a2f-b336-8a6d7f57c1ce,gentle.tech,resell,,,high,low,6,Squarespace Domains II LLC,17/08/2018 07:49,17/08/2034 23:59,26/09/2026 06:21
81db5034-c0e8-474f-8bc1-62d9908519f4,resect.tech,available,8.99,68.99,high,low,6,namesilo,,,17/08/2026 15:12
2b7fdb4e-7a0e-48f9-89e0-e346cb0d5db2,metros.tech,available,,,high,low,6,,,,
94e6aca1-aae3-4832-a877-1982743da41c,lightless.tech,premium,81.25,325,medium,low,9,namecheap,,,23/08/2026 04:36
4086cb1a-1315-49ac-b348-e42ec43a2d69,cannoneer.tech,available,8.99,68.99,high,low,9,namesilo,,,20/09/2026 11:44
7687b858-a5c1-4b80-b186-6dc4b594c735,multilingual.tech,available,,,high,high,12,,,,
1e4a6ced-7d8c-468f-8584-20cd1994ecc4,foxglove.tech,available,,,high,high,8,,,,
7afda9b6-b607-4c45-85e5-6256022f4ec7,sheeplike.tech,available,5.98,58.98,high,high,10,namecheap,,,10/09/2026 06:18
98900e27-1377-48ab-961c-fcfb3a14f82b,philatelist.tech,available,,,high,high,11,,,,
2d897979-792d-48e0-a8ba-ff27c97af07e,ministering.tech,available,,,high,high,11,,,,
6dc06d8c-a626-45ae-bd03-23232946ecee,condign.tech,available,9.99,58.98,high,low,7,namecheap,,,12/08/2026 20:26
dd750a8b-1e90-4ea4-8188-7ba44023af51,olfactory.tech,available,5.98,58.98,high,low,9,namecheap,,,04/09/2026 02:12
81fd5790-a318-4c7f-b288-e00dae38eeb3,gorgonacea.tech,available,,,high,high,10,,,,
d153353a-a730-4cca-8729-cfb9643c2a9f,sneak.tech,premium,640,640,high,low,5,namesilo,,,23/09/2026 12:44
b12ed8b4-1308-40c9-81d1-1d3058dd6320,autocorrect.tech,premium,302.5,302.5,high,high,11,namesilo,,,27/09/2026 06:21
b117cb6a-6d7b-4a90-ab10-a9c76cf0683c,whittener.tech,available,,,high,high,9,,,,
82f8fe1a-32b2-4bd7-bdfd-f72e3c979446,shoeless.tech,available,9.99,58.98,high,low,8,namecheap,,,08/08/2026 19:04
8d15b90f-d6bf-4a59-8baf-3ed88aafac91,agnatic.tech,available,8.99,68.99,high,low,7,namesilo,,,
3ad865ae-1f32-43a8-89d7-e1dc5d9c8ee3,balmoral.tech,available,9.99,58.98,high,low,8,namecheap,,,21/09/2026 23:39
7aede637-56f9-4646-bc65-8d265f8eb84a,detergency.tech,available,,,high,high,10,,,,
a8944ebb-4401-4ae9-a93e-778080359adc,ile.tech,available,,,high,high,3,,,,
659769ee-ff77-4e99-8215-efdf878620a3,jockeying.tech,available,,,high,high,9,,,,
355a467f-0a28-409c-bd98-3267505f010d,workingmen.tech,available,,,medium,low,10,,,,
a3379dc0-db8b-4037-be3b-41f260aee15f,fastloader.tech,available,,,high,high,10,,,,
e74a00b4-7343-4353-be80-67813ca6dfd5,trumpets.tech,available,,,high,high,8,,,,
eb9cc0b5-efa4-4e24-b51f-da54b8f2a82d,adjustor.tech,available,8.99,68.99,high,low,8,namesilo,,,17/09/2026 08:34
18c78b58-6556-41e2-a264-358c0f85d91f,administrator.tech,premium,1625,6500,high,high,13,namecheap,,,27/09/2026 06:19
63caa98f-a98f-4dda-becb-cd901bce07c5,fromage.tech,available,,,high,high,7,,,,
ac8780d2-0e68-4134-b950-ef7aa5995088,organized.tech,premium,1107,1107,high,low,9,namesilo,,,26/09/2026 00:25
fbb34485-1c46-4dd5-82d9-ad30a0699594,molluscum.tech,available,,,high,high,9,,,,
9d190b77-d94b-42df-80f8-b177da713ba3,violent.tech,premium,162.5,650,high,low,7,namecheap,,,11/09/2026 09:46
112f1e32-1680-4150-bf55-e68e8090130e,bobbsey.tech,available,,,high,high,7,,,,
ec0dd0a7-ccdd-41aa-afe4-3afd6f8dbbd3,macedonia.tech,available,,,high,high,9,,,,
7f76f7cf-cb9d-4f84-8c19-e9525694b4bd,asterion.tech,resell,,,high,low,8,Squarespace Domains LLC,17/12/2024 01:34,17/12/2026 23:59,26/09/2026 04:05
76e41810-420b-4444-8c6c-2d3f2d9f66d8,adjustment.tech,premium,156.25,625,high,low,10,name.com,,,18/08/2026 05:52
66724fe9-f7be-448b-bcf8-ae82d59155e4,brazilian.tech,premium,312.5,1250,high,low,9,name.com,,,11/08/2026 02:57
a13f3f3d-7d97-414c-870d-712c484c4d17,unfastening.tech,available,,,high,low,11,,,,
a0d2b06b-79ea-4e9b-8daa-817acc19d2ab,miffed.tech,premium,156.25,625,high,low,6,name.com,,,
83bfc8ea-0a30-4fe8-83a1-e063347768b6,toblerone.tech,available,,,high,high,9,,,,
338ce1e9-a807-4318-b28e-6ca8f437476b,category.tech,resell,,,high,low,8,Squarespace Domains LLC,03/03/2019 05:19,03/03/2027 23:59,26/09/2026 04:48
888ee4ae-1432-42f7-83bb-556a83e32186,triliteral.tech,available,,,high,high,10,,,,
67ad4f53-77a1-43ef-97e6-74a9489380e9,handicap.tech,premium,1107,1107,high,low,8,namesilo,,,24/09/2026 07:39
19078c5c-5f2b-4828-a583-2e27b3a06544,chieftains.tech,available,,,high,low,10,,,,
bbbbc866-c5ba-413e-b29e-7e803f1debf9,recursive.tech,resell,,,high,medium,9,Squarespace Domains LLC,03/06/2017 14:59,03/06/2027 23:59,26/09/2026 08:32
7504bea0-03ea-45e3-92da-f776e4d5b1f4,blondish.tech,available,,,high,high,8,,,,
393d842e-a412-4037-80c4-064f16311d5c,chevvy.tech,available,,,high,high,6,,,,
b1933e11-4146-4bde-99eb-024f518555e8,congoland.tech,available,,,high,high,9,,,,
1388751f-b654-4504-8388-1cb155a308c8,coolhouse.tech,available,,,high,high,9,,,,
7ee79bcf-b36d-4566-9fe4-ef1eb7a9d3e4,mufti.tech,available,,,high,high,5,,,,
a4407069-c9b2-47c6-9c34-bb8f8037d84c,hedonistic.tech,premium,312.5,1250,high,low,10,name.com,,,21/08/2026 05:56
27827f66-629a-4b83-a874-23d816d4c1ae,manufacturer.tech,available,,,high,high,12,,,,
d89c6cf7-a719-45fd-8f87-167b7962e6ae,dressers.tech,available,,,high,low,8,,,,
4e338941-80e4-4280-9cf6-dabeee365ade,mayhap.tech,available,5.98,58.98,medium,low,6,namecheap,,,15/09/2026 13:45
c4afd069-58f8-4c52-af5d-4fce5eb4e79e,scrunchy.tech,available,,,high,high,8,,,,
f9fd8c83-3f4c-427c-96cb-9f21fe5f78ff,jfk.tech,available,,,high,high,3,,,,
940285b8-f221-4e22-b62d-ece7ed265e3a,polysurgery.tech,available,,,high,low,11,,,,
9802a84d-5cc6-4b61-8de8-2e4bed406632,adversaries.tech,available,,,high,low,11,,,,
82941063-535b-476d-9a05-9d6f07f91231,adipose.tech,available,8.99,68.99,high,low,7,namesilo,,,
8d178bb3-1fd3-48fe-96c4-ee59d9575444,shamed.tech,premium,81.25,325,medium,low,6,namecheap,,,14/08/2026 10:25
fdc6211d-aa44-408c-ba30-ec8be9914dda,geriatric.tech,premium,156.25,625,high,low,9,name.com,,,18/08/2026 22:42
cdd0b64c-9c8f-40fd-a4b1-2033540dcf5e,plaguey.tech,available,8.99,68.99,medium,low,7,namesilo,,,
a16c5072-c81a-4fc2-8d5e-ca5764e0dae6,retry.tech,available,,,high,high,5,,,,
608918ec-8243-4452-90df-b153232e17eb,understrapper.tech,available,,,high,high,13,,,,
61eb6ec0-0196-4520-a48c-9c4107854b7a,noetic.tech,resell,,,high,low,6,Squarespace Domains LLC,12/02/2018 03:00,12/02/2027 23:59,26/09/2026 07:47
4c4940cc-9a37-4fa0-b425-77eed36961be,lyrics.tech,premium,781.25,,high,low,6,name.com,,,
c75b47fd-da33-4b4d-b841-b5526db69f8e,syntheses.tech,available,,,high,low,9,,,,
03c4f2fd-a876-4744-8f24-cbdb4962a98b,slowcoach.tech,available,5.98,58.98,medium,low,9,namecheap,,,10/09/2026 20:27
fde8a17e-8cce-4957-8b81-fd3fbac68926,shopfitting.tech,available,,,high,high,11,,,,
1c08368a-91f4-4f51-a323-66ae666ebe69,fowski.tech,available,,,high,high,6,,,,
13f5b959-78f7-4d7b-86d9-61b81f787496,keynes.tech,premium,302.5,302.5,high,low,6,namesilo,,,25/09/2026 23:18
da860e12-c7ad-46a4-9bbc-a957f2ab2b09,solihull.tech,available,,,high,high,8,,,,
f0c8318c-740e-45f9-adf8-28293e1c9ddc,phonelike.tech,available,,,high,high,9,,,,
81a83824-a40f-4931-b69c-914192234b05,cajoling.tech,available,,,high,high,8,,,,
abc4a7a6-9355-474c-a715-615d172030a2,chinch.tech,available,8.99,68.99,high,low,6,namesilo,,,22/09/2026 22:46
09dd7aea-b69c-42a0-bd10-cbd26c126bf1,carlson.tech,premium,1107,1107,high,high,7,namesilo,,,27/09/2026 01:49
a0b7077b-d189-4b02-bbe2-bd82c86a9f01,knocks.tech,available,8.99,68.99,medium,low,6,namesilo,,,20/09/2026 13:49
5ffbb56c-fc58-4c70-ad61-58e8c7ba2c71,shipbuilder.tech,available,8.99,68.99,high,high,11,namesilo,,,27/09/2026 06:14
7857636c-e5e1-430f-bd76-2fcd514edbe3,close.tech,premium,302.5,302.5,high,low,5,namesilo,,,21/09/2026 23:48
dfc49745-52d5-40c3-923c-d7d50ebe7aed,nonflammable.tech,available,,,high,high,12,,,,
66a4c820-a177-4503-bb06-58cb1b63c589,decaffeinate.tech,available,,,high,high,12,,,,
766ff18e-7fde-4a61-b481-89d788fb4acf,anas.tech,premium,302.5,302.5,high,low,4,namesilo,,,19/09/2026 02:30
072b3f4a-8e30-4e21-a7aa-0839b550150d,collapses.tech,available,8.99,68.99,medium,low,9,namesilo,,,20/09/2026 09:36
0e0aa373-5eea-4bcd-bdc3-585107251eba,costly.tech,premium,302.5,302.5,high,low,6,namesilo,,,24/09/2026 00:19
420a6c9a-53b4-4c16-8986-97ab52aa9147,receipt.tech,premium,781.25,,high,low,7,name.com,,,
264caff0-2e15-4fd4-960f-e7657598265d,emsian.tech,available,,,high,high,6,,,,
2c696a60-fd07-4e4e-8459-cb8354f2581f,squiffy.tech,available,8.99,68.99,medium,low,7,namesilo,,,25/09/2026 14:17
76b0d20e-e6d5-46fa-90b5-da685e50a88c,peacefully.tech,premium,81.25,325,high,low,10,namecheap,,,15/09/2026 19:23
e1ea7879-4803-460b-9b07-08789b71b98c,tenderizers.tech,available,,,medium,low,11,,,,
104c7f0e-9824-4f4c-9bfb-6a2ec045364b,glass.tech,premium,1562.5,,high,low,5,name.com,,,
abbc19bc-25d2-4bf0-9c9c-89bff9d7515a,guiding.tech,premium,312.5,1250,high,low,7,name.com,,,14/08/2026 08:49
f71e6150-62cb-4594-8e19-38a2feeaf7ae,featured.tech,premium,1107,1107,high,low,8,namesilo,,,24/09/2026 17:26
f13fd7a9-315b-428e-8e37-97a1a6117b7c,fraudulent.tech,premium,156.25,625,high,low,10,name.com,,,13/08/2026 21:10
7b66ed6b-4abf-4f76-a509-95cd171805ca,come.tech,premium,1107,1107,high,low,4,namesilo,,,24/09/2026 05:54
9b220e62-5cce-4895-b663-683b68c3267c,chives.tech,premium,1107,1107,high,low,6,namesilo,,,18/09/2026 11:27
1f29aa01-16d8-4a2e-9a48-bd080956a9b5,whatwg.tech,available,,,high,high,6,,,,
f7600d65-3a5c-47f0-9710-ee164e33804f,xanthous.tech,available,5.98,58.98,high,low,8,namecheap,,,13/09/2026 14:00
4004b5a6-6251-4a94-95a6-bffa2561de3c,ebook.tech,premium,781.25,,high,low,6,name.com,,,
f23a8847-c2c2-45f9-8dbc-d2b9d3c4a271,pareve.tech,available,5.98,58.98,high,low,6,namecheap,,,08/09/2026 01:25
77fad56b-5ebb-4b01-ab4e-7fd01c8cedf3,factchecker.tech,available,,,high,high,11,,,,
6accc08a-02e6-4f46-93cf-c256273afd62,negligent.tech,available,5.98,58.98,high,low,9,namecheap,,,03/09/2026 15:07
9099419d-2022-4afe-89ee-ec8ec3593d31,dublin.tech,available,,,high,high,6,,,,
70b5f44f-1442-4f0a-bf3e-d49117a956a7,polite.tech,premium,156.25,625,high,low,6,name.com,,,13/08/2026 10:21
d0b69290-c8d5-4b4f-8aac-7c7b9b301313,stormhunter.tech,available,,,high,high,11,,,,
ace654b3-21f8-4371-9326-a1ed6cab3f62,yoking.tech,available,,,high,high,6,,,,
e61a549f-3a43-43c3-808a-c2d0ba6aaf55,antenna.tech,premium,312.5,,high,low,7,name.com,,,
6a20f16f-60ed-45d9-983e-7ab3016438b8,neutralize.tech,available,,,high,high,10,,,,
2216ad73-1a80-415d-bd64-20d86c346228,spiffing.tech,premium,81.25,325,high,medium,8,namecheap,,,10/09/2026 15:35
94182461-e173-470c-8cdc-7b73b259d63f,cardi.tech,available,,,high,high,5,,,,
4cc2fef0-d18a-4602-9474-44c2987ec609,oklahoman.tech,available,8.99,68.99,high,low,9,namesilo,,,16/09/2026 05:05
a92b698d-e262-4a5e-b7bf-0a1240bae34c,rackets.tech,premium,1107,1107,high,high,7,namesilo,,,27/09/2026 05:22
c409ff36-7a01-4ae2-8dce-837e6b67adf2,seine.tech,available,,,high,high,5,,,,
c649c65f-761c-4b9b-a1a3-35f483b865c0,grassy.tech,premium,312.5,1250,high,low,6,name.com,,,20/08/2026 18:20
d3cb0fb7-86c2-4887-a8b2-28533d7ca49e,purples.tech,available,,,high,low,7,,,,
55ca6921-c1a0-4cc0-aadc-28061c3d0af8,artilleryman.tech,available,,,high,low,12,,,,
12784259-9231-4f4e-aab7-169da4cb6568,chatbot.tech,resell,,,high,medium,7,"NameCheap, Inc.",24/01/2016 17:40,24/01/2027 23:59,26/09/2026 04:52
c35e3075-af28-4f31-b2ef-c98f30c77810,pat.tech,premium,1107,1107,high,low,3,namesilo,,,27/09/2026 03:00
b7a57bf5-4c08-4df7-a6d1-2b4a939bd9d3,falter.tech,premium,156.25,625,high,low,6,name.com,,,17/08/2026 21:39
d8b19548-bac2-49ab-8ac9-06d6875ccf8f,trinkets.tech,available,,,high,medium,8,,,,
3a82451c-f59d-4f30-a8b7-4a6908aa9587,consett.tech,available,,,high,high,7,,,,
ebb8929a-b37c-4aed-b5ad-9f9d2a758483,scoff.tech,premium,156.25,625,high,low,5,name.com,,,22/08/2026 12:41
45afa4a9-87f5-41a0-8aab-541f69f1a398,weaves.tech,available,,,high,medium,6,,,,
c03a4e63-a5b8-416a-88e5-4700446c77bd,fajitas.tech,available,,,high,low,7,,,,
c8db138b-3001-46af-96ab-1fdd6693ca79,modernized.tech,premium,640,640,high,low,10,namesilo,,,19/09/2026 17:17
8b3e00fe-5422-4aa0-9c34-4e0d3fea4804,wagging.tech,available,,,high,high,7,,,,
70602638-99d8-45b2-81e0-c0e6ad214468,deformable.tech,available,,,high,high,10,,,,
8e71d1a2-b54b-464a-a583-31a8591b3398,banditry.tech,available,8.99,68.99,high,low,8,namesilo,,,22/09/2026 01:24
250b4002-ffa1-4b49-be4c-0316e032bb91,reediting.tech,available,,,medium,low,9,,,,
d0352510-c1c6-48cf-989d-39aebaac3fbd,chauffeuress.tech,available,,,high,high,12,,,,
d96f25f3-d3bc-4d7a-987c-b862cc9965d8,maginot.tech,available,9.99,58.98,high,low,7,namecheap,,,19/09/2026 04:15
d44fe7cc-7d3a-4800-91d6-2e1de911aa67,fed.tech,premium,1107,1107,high,low,3,namesilo,,,25/09/2026 22:43
7294c743-6f3b-473c-974a-7de5b27fa9d3,glaring.tech,available,8.99,68.99,high,low,7,namesilo,,,10/08/2026 13:47
290d8b5e-29d1-42e4-8028-63066f061ca9,mountainbiker.tech,available,,,high,high,14,,,,
7b04bf92-d874-45d8-b697-a4145edb4135,sparkled.tech,available,,,high,low,8,,,,
32fac3ee-ab68-4b16-8f1d-7a9b9bd44ed5,unbuckling.tech,available,,,high,high,10,,,,
87343920-67d1-4df6-a2f2-235e4fbc486b,antivivisectionist.tech,available,,,high,high,18,,,,
f06ed027-f464-446c-b929-bb2cc735d534,monasteries.tech,available,,,high,low,11,,,,
e103c17a-a850-4723-a697-ae820cfea08b,campaigning.tech,premium,87.5,350,high,low,11,namecheap,,,
9646a0c1-6a19-4522-8b0a-35ef6491cdae,throughcare.tech,available,,,high,high,11,,,,
62e8744f-ce18-4977-bb2b-1797d51371f5,lighting.tech,available,,,high,high,8,,,,
9631e0d9-0fa8-4c99-8ad7-b178ddf08676,keyseat.tech,available,,,high,high,8,,,,
f3db12f4-62e4-47f1-a42f-8a81e49da6e9,tarantelle.tech,available,,,high,medium,10,,,,
919b94d5-b1f5-4d31-af15-018e2f7cd171,closeouts.tech,available,,,high,low,9,,,,
b4028bf4-1163-40d9-9dc4-9236298c5662,bluesy.tech,available,,,high,high,6,,,,
654d46d6-12d6-4e10-919b-7917ed8d4cf9,repolarization.tech,available,,,high,low,14,,,,
18c0cb03-45ed-46b7-9ae4-1fae0f329e08,primly.tech,available,5.98,58.98,medium,low,6,namecheap,,,15/09/2026 21:26
774196dd-5d77-4da1-a400-91d77ea3a177,skippered.tech,available,,,high,low,9,,,,
b8a04d11-1a73-4df5-9855-dadec702417f,preachers.tech,available,,,high,low,9,,,,
bcfa82fb-c290-485b-bb15-3da40a2da5cc,amiability.tech,available,8.99,68.99,high,low,10,namesilo,,,17/09/2026 13:57
397bcbb2-ee77-448e-9ad7-b2d4ce2b9f5d,markie.tech,available,,,high,high,6,,,,
a75b084c-c26c-441b-8bd4-c849fb304011,banquette.tech,available,8.99,68.99,high,low,9,namesilo,,,22/09/2026 03:08
a7ee265f-d7ba-4397-bc7a-cc08597ce910,ifc.tech,available,,,high,high,3,,,,
395c3f5b-0105-4266-8cef-1e66913b50fd,gottschee.tech,available,,,high,high,9,,,,
d08b55c8-a686-435e-854d-79aea3f61eef,elfette.tech,available,,,high,high,7,,,,
605f9cbe-171e-43dd-8c95-21d4d64ba5d2,leatherjacket.tech,available,8.99,68.99,high,high,13,namesilo,,,25/09/2026 11:33
319517f9-5f78-4c95-83d6-8ad646e71c7d,gravitropism.tech,available,,,high,low,12,,,,
2c55fc7c-ff80-4503-936a-a4c9329fbc02,carelessly.tech,available,5.98,58.98,high,low,10,namecheap,,,14/09/2026 05:19
c1c731bb-2118-439f-8af4-2adbed044371,heavenward.tech,available,8.99,68.99,high,low,10,namesilo,,,21/08/2026 02:31
be3888e3-25a7-4ba9-8e47-eca77a0dd663,dampness.tech,available,13.99,89.99,high,low,8,name.com,,,13/08/2026 16:45
40bdee53-8b5e-4a50-bce1-13ce9e6ec2f4,fansign.tech,available,,,high,high,8,,,,
2e929fb7-8fca-46f4-a44a-6a004b009e86,postmortem.tech,premium,162.5,650,high,low,10,namecheap,,,09/09/2026 00:31
46476638-b568-40bd-ad07-e52830f670f4,kirkcaldy.tech,available,,,high,high,9,,,,
a7f1fb55-8ab0-4549-b1f7-ae9bf4783206,holdall.tech,available,,,high,high,8,,,,
190e7a03-e10b-4a26-8a45-48be78e3b04d,pdr.tech,available,,,high,high,3,,,,
3478bc66-b8a3-40fd-b90b-eabecd6db7a5,exiting.tech,available,,,high,high,7,,,,
dda4eac2-5456-462d-9699-99d0cf0a305f,roadblock.tech,premium,302.5,302.5,high,low,9,namesilo,,,22/09/2026 08:30
dcc6d044-2a38-4685-b038-d07861346f9b,tyrant.tech,premium,640,640,high,low,6,namesilo,,,21/09/2026 06:08
c19f5b2a-639e-4afb-927c-97cca55d51d8,periods.tech,available,,,high,low,7,,,,
d7248392-546d-4072-8241-09cc14759e34,britpop.tech,available,,,high,high,7,,,,
7b3c6b70-76f8-41a8-bb50-488b04e68096,ratified.tech,available,5.98,58.98,high,medium,8,namecheap,,,09/09/2026 10:33
4bfe196d-05f2-4285-96a4-401b291b886d,declaring.tech,available,,,high,low,9,,,,
217cf484-2015-4158-bdc2-bad440e18d35,coneflowers.tech,available,,,medium,low,11,,,,
9d935c85-90bb-4358-9261-2c2f212674e1,nuca.tech,available,,,high,high,4,,,,
ae29be0b-7379-43fb-8618-e944f67dd38d,animist.tech,premium,156.25,625,high,low,7,name.com,,,
b9c238a5-76cf-483a-a2bd-759ed05aa8da,kenalog.tech,available,8.99,68.99,high,low,7,namesilo,,,20/09/2026 05:49
bf10ef6b-65c0-41c6-a5d7-6ac78f982ef4,bootee.tech,available,,,high,high,6,,,,
5499323a-76b6-4f73-bf23-0d728dda5692,secures.tech,available,,,high,high,7,,,,
6b8a23b0-dc3c-4dcb-b22e-f1abce62f19d,waiters.tech,available,,,high,low,7,,,,
f96a6c93-3258-48bf-9cd7-ba0e57dd7e0f,cope.tech,resell,,,high,low,4,Squarespace Domains LLC,13/05/2019 01:07,13/05/2027 23:59,26/09/2026 05:15
019a5e18-cba4-4842-939c-0d2707adc5d6,balloony.tech,available,,,high,low,8,,,,
43dbb392-32bc-4b1e-ac2a-37e8869bd5ed,respectably.tech,available,,,high,high,11,,,,
82afc4c5-3408-4223-9cf7-e8c545cc0a38,personpower.tech,available,,,high,high,12,,,,
3d6ac945-5eed-4051-bb64-9bd6901b6762,million.tech,resell,,,high,low,7,"Chengdu West Dimension Digital Technology Co., Ltd.",14/08/2015 07:30,14/08/2027 23:59,26/09/2026 07:33
b110a526-472d-42bd-b206-a727b3750751,onto.tech,resell,,,high,low,4,Squarespace Domains LLC,22/03/2019 21:17,22/03/2031 23:59,26/09/2026 07:54
b1e9ded5-9e28-4f8d-8976-49b745dfe2e6,epassport.tech,available,,,high,high,10,,,,
56dd0dd9-372c-40cd-af43-ca9976dd4190,eros.tech,premium,6900,6900,high,low,4,namesilo,,,24/09/2026 17:09
2b01dabf-1f6f-4301-8d35-63b7d498d27e,oviducts.tech,available,,,medium,low,8,,,,
c5d5ee2e-737a-4de2-af6a-264ab070cee1,shininess.tech,available,,,high,high,9,,,,
6c276501-9237-41be-b51f-4780ab2538b7,terminologies.tech,available,,,medium,low,13,,,,
b02897fe-e15e-4ca5-8b1a-5c01603d8373,fulgent.tech,resell,,,high,low,7,Xin Net Technology Corporation,24/08/2018 02:26,24/08/2027 23:59,26/09/2026 06:16
810238a8-63c2-49c9-a0ec-881c07df495e,mealtimes.tech,available,,,high,low,9,,,,
a89ac80d-e5d4-417a-baf6-3346931a9fe6,edifying.tech,premium,156.25,625,high,low,8,name.com,,,15/08/2026 10:17
a454956a-5be9-421d-8dcf-195c97daf695,bookmarked.tech,available,,,high,medium,10,,,,
81957ec9-cae4-4e09-a442-3c30085367b0,guitarist.tech,premium,640,640,high,high,9,namesilo,,,27/09/2026 05:37
c0d781c3-70a3-4bff-9bd7-cffafa57ff34,jig.tech,available,,,high,high,3,,,,
92db7d41-e757-4bf2-9259-211196127519,functionals.tech,available,,,high,low,11,,,,
4ac9868d-498d-4a6d-b7d8-9e65be87b336,xxxvii.tech,available,8.99,68.99,high,low,6,namesilo,,,
97144e05-3bac-4bf2-bfce-0e5eb8d974a6,dragnet.tech,available,,,high,high,7,,,,
68e895fe-e8b5-489a-a2d3-d68d0a12df43,judgment.tech,available,8.99,68.99,high,low,8,namesilo,,,
3a8b3fb4-72cb-47e2-afaa-13c94753e9f2,swazi.tech,available,5.98,58.98,high,low,5,namecheap,,,11/09/2026 05:27
b57455cf-0f50-480a-85e7-9801f113d45f,spraying.tech,available,,,high,high,8,,,,
b0af4946-ea8d-4b56-8031-a95a07339654,ely.tech,resell,,,high,low,3,Squarespace Domains LLC,21/02/2016 16:06,21/02/2027 23:59,26/09/2026 05:48
285b8708-2258-4b9f-8ca9-396828070a84,lvi.tech,available,,,high,low,3,,,,
ebec0fbe-0cbf-4b26-a40e-2942b0d59424,balinese.tech,premium,81.25,325,high,low,8,namecheap,,,21/09/2026 22:04
456b7209-794b-4949-9398-c30d793836da,erecycling.tech,available,,,high,low,11,,,,
f92d4be1-d9e9-47bc-a223-c4b5e1e9dada,prolactin.tech,available,,,high,high,9,,,,
018ba089-2708-46f4-a298-a9c65482d1c1,puss.tech,premium,162.5,650,high,medium,4,namecheap,,,09/09/2026 06:38
89f79bde-9770-4bc0-adf2-4f1095f0f531,courgette.tech,available,,,high,high,9,,,,
ebad74de-050e-43c6-a65d-75b98de88d9c,acquiescent.tech,available,,,high,high,11,,,,
8db1bcff-9b56-4be0-846d-7690dcff0ce0,binomials.tech,available,,,medium,low,9,,,,
b8dec77e-4fc0-4847-a235-0b9aeb53d1fe,fetchingly.tech,available,,,high,medium,10,,,,
cdcecbdf-27ec-47a8-9f1b-6f149a6354e2,quits.tech,premium,162.5,650,high,low,5,namecheap,,,09/09/2026 09:02
49010c7e-c1e4-41d1-8e8f-cd3323399a29,disorders.tech,premium,1107,1107,medium,low,9,namesilo,,,20/09/2026 00:40
0648fe5d-4c17-472f-a110-86b973c12c86,semihighway.tech,available,,,high,high,12,,,,
90bb2f75-779a-4458-af02-e104f004ae8d,pompey.tech,available,,,high,high,6,,,,
b46b4fc4-050e-4a52-8f8d-20ff1b282dfe,intellectualism.tech,available,,,high,high,15,,,,
27110c6c-0da2-47d2-81e1-772c9a01d4bd,slap.tech,resell,,,high,low,4,Squarespace Domains LLC,18/04/2019 01:07,18/04/2027 23:59,26/09/2026 09:04
5680f7b1-327b-4d2c-9ef3-a9503f373bae,bioko.tech,available,9.99,58.98,medium,low,5,namecheap,,,23/09/2026 18:17
90362494-7c26-4828-a3ef-20a70a0506ef,vascularized.tech,available,,,medium,low,12,,,,
f66bce6e-9c56-4807-8e64-069aeb3f9c65,appliance.tech,premium,3450,3450,high,low,9,namesilo,,,19/09/2026 21:44
bac8d197-b0a4-4af3-a9e6-f680e90e4b08,trunkmaking.tech,available,,,high,low,11,,,,
22715733-dedc-419c-ba04-a12a5b18a096,afroamerican.tech,available,,,high,high,13,,,,
969cabc6-6f6e-43af-977e-ab8433174c24,situation.tech,premium,156.25,,high,low,9,name.com,,,
0efd6970-0b58-47ed-a9db-7784666f7179,pinocchio.tech,available,,,high,high,9,,,,
dde851f3-d56c-45d7-9b5a-6d78a8457e21,oxonian.tech,available,5.98,58.98,high,low,7,namecheap,,,04/09/2026 22:32
8eaf104c-922e-494a-a041-58803a290dbd,omlette.tech,available,,,high,high,7,,,,
7d59fb38-8844-454d-9cf2-8f77c6107f8b,padded.tech,premium,312.5,1250,high,low,6,name.com,,,13/08/2026 11:57
2ac4592c-dc47-43df-8572-3f64c904c4c9,timorese.tech,available,5.98,58.98,high,low,8,namecheap,,,11/09/2026 16:04
43b9b864-0642-4ce1-b330-e666f95ace47,gamesmanship.tech,available,,,high,high,12,,,,
85310f56-d60c-487d-98e2-ed3a7da54ee1,carbine.tech,available,,,high,high,7,,,,
aa13957b-34dd-44f6-992d-7ff1f2171043,cutaneal.tech,available,13.99,89.99,medium,low,8,name.com,,,13/08/2026 12:57
18d69f0e-00a8-42d0-b3d9-e5124d868f52,palpably.tech,available,5.98,58.98,high,low,8,namecheap,,,15/09/2026 18:55
bd6f1fab-87d4-488c-adee-722b21b26e35,zagrebian.tech,available,,,high,high,9,,,,
e9b5e2b7-d68e-4bd1-98a4-6e6dc58dcdcf,funkadelic.tech,available,,,high,high,10,,,,
c4b7d88e-b6f5-4cd4-828d-952d3d901438,aconite.tech,available,9.99,58.98,high,low,7,namecheap,,,17/09/2026 02:05
95646003-eb3e-4f8d-b3fb-6b3244d4fdc8,alga.tech,resell,,,high,low,4,Xin Net Technology Corporation,15/09/2020 20:57,15/09/2027 23:59,26/09/2026 03:47
cc4e16ea-fadb-4637-8543-df0033f7948d,botox.tech,available,,,high,high,5,,,,
79e8234a-4bf6-4589-a197-4ad73ed623cd,isentropic.tech,available,8.99,68.99,high,low,10,namesilo,,,22/08/2026 10:44
6ca2c0f8-b3ef-4256-ac4e-7dd54857ac82,praises.tech,available,8.99,68.99,high,low,7,namesilo,,,19/09/2026 00:10
e4a5ffed-cb02-4bb9-8d8a-1607c21d890b,lirr.tech,available,,,high,high,4,,,,
08c77879-cbed-4786-a85f-962158c50805,mosses.tech,available,,,medium,low,6,,,,
b4206817-b721-48da-87ae-23b32a2f2eea,butyrophenones.tech,available,,,low,low,14,,,,
beedb868-c16b-4454-a8e7-bd23adaebe30,abohm.tech,available,8.99,68.99,medium,low,5,namesilo,,,16/09/2026 16:26
629f98d5-e240-4527-af47-50f5753970da,arno.tech,premium,312.5,1250,high,low,4,name.com,,,20/09/2026 08:12
7c72ed7c-8de6-4d20-a316-51944cd57462,unclouded.tech,premium,156.25,625,high,low,9,name.com,,,12/08/2026 12:35
cbbf1e98-6542-4b0d-8ed9-4ce6808608f9,omeprazole.tech,available,,,high,high,10,,,,
4aa2553f-a051-4ac0-9d62-19c8d66bbc11,sintered.tech,available,5.98,58.98,high,low,8,namecheap,,,10/09/2026 08:34
23d330b5-fc3f-4c97-ab89-caafa0d597d1,dove.tech,premium,325,1300,high,low,4,namecheap,,,10/09/2026 17:16
35c17f92-eacb-4771-ab42-f07b5955accc,impeding.tech,available,8.99,68.99,high,low,8,namesilo,,,12/08/2026 11:44
eb7b3b44-62b7-4988-afc1-66f42d2d4a8c,stratford.tech,premium,1107,1107,high,low,9,namesilo,,,25/09/2026 14:45
68989d73-3db2-4814-ac19-c45700b7a0ae,screenager.tech,available,8.99,68.99,high,high,10,namesilo,,,27/09/2026 05:46
378c681f-5e0f-4f1e-bf22-fd6280830286,asianization.tech,available,,,high,low,12,,,,
54202694-3d03-468f-9b25-b37cac852b19,gossiped.tech,available,,,medium,low,8,,,,
76cb4f40-25eb-44c6-baf5-751a97ac4a52,ballotades.tech,available,,,medium,low,10,,,,
7d70660e-3f9d-4ba9-801c-ceb4fd3f7fad,submitted.tech,available,,,high,low,9,,,,
1d87e3cf-5531-4336-b43d-0b9598a0a989,socialized.tech,premium,81.25,325,high,low,10,namecheap,,,10/09/2026 13:12
41c7b770-096f-4035-8387-e8a8eb649c3b,grafting.tech,available,,,high,high,8,,,,
45720911-839e-4356-8061-e5634046d8ae,wiener.tech,available,,,high,high,6,,,,
9765c398-d57f-4f37-b78c-a86ea718495e,follicular.tech,available,8.99,68.99,high,low,10,namesilo,,,18/08/2026 10:20
6d030563-a152-4114-9ef3-259e6a744ed2,especially.tech,premium,156.25,,high,low,10,name.com,,,
1ab018da-ca33-4731-a355-e8e42f7f2f61,fright.tech,premium,302.5,302.5,high,low,6,namesilo,,,17/09/2026 14:50
c5c23776-42f4-4e94-9544-393b8173de27,locket.tech,available,,,high,high,6,,,,
596b4268-93a9-4032-94f0-fd515792df21,wellborn.tech,available,5.98,58.98,high,low,8,namecheap,,,13/09/2026 10:42
4c0d43f0-41de-4321-b077-463c7560ce08,ossias.tech,available,,,medium,low,6,,,,
d66af79d-af49-478a-824a-969963da1d83,basking.tech,available,,,high,high,7,,,,
e032af0c-8712-47fc-a0c3-dc2f669710c2,ofcom.tech,available,,,high,high,5,,,,
482bc134-5de2-437b-9405-1145163d4129,centuries.tech,premium,302.5,302.5,high,low,9,namesilo,,,17/09/2026 04:43
848c93e5-cc17-4e23-ab2d-9d0306e50c47,fortnight.tech,available,,,high,high,9,,,,
5af87bf5-a505-453a-95f0-5e64f4ed2396,corruption.tech,premium,156.25,,high,low,10,name.com,,,
9300f378-5cd8-470f-a943-41fa5ac9fb37,isle.tech,premium,1562.5,,high,low,4,name.com,,,
0bc4befc-3a93-48d0-bb56-103c76598ea4,bawd.tech,premium,89.99,312.5,medium,low,4,name.com,,,13/08/2026 14:22
8948d226-d9a2-42ad-828f-99b73687d811,indicators.tech,available,,,high,medium,10,,,,
93fd7724-d01e-4308-9fa4-5f3108caf853,backfire.tech,premium,302.5,302.5,high,low,8,namesilo,,,21/09/2026 15:28
c0c11702-78ed-4f02-86ce-b3de4cf34172,nonirritant.tech,available,,,high,high,11,,,,
ae756351-24f0-4f1a-a1f4-740656ef3056,perchance.tech,available,5.98,58.98,high,low,9,namecheap,,,14/09/2026 02:12
d0fba911-1478-4b65-bc37-d3d361546fec,equid.tech,available,8.99,68.99,high,low,5,namesilo,,,17/08/2026 11:47
a713d2d6-fcf2-4a68-ad6d-21e931356756,wholehearted.tech,available,,,high,high,12,,,,
c4506c09-4c5e-4615-b7ba-8e14b007965f,crosssubsidy.tech,available,,,medium,low,13,,,,
1f6a8007-3b99-4a22-9dac-5274039af131,lyndon.tech,premium,640,640,high,low,6,namesilo,,,25/09/2026 16:09
d30b8b5b-cce9-4840-9a72-2e19fe10daa4,shade.tech,available,,,high,high,5,,,,
c386bcee-9873-4bb6-a034-3a00efc67de3,midspan.tech,available,,,high,high,7,,,,
7451babe-a944-4215-b523-41a7649213b4,comicalness.tech,available,,,high,high,11,,,,
6b6f977c-4ecc-44e2-80fe-d7a7e8516899,pondful.tech,available,,,high,high,7,,,,
5477b8be-2fce-453f-8711-a26f32091d70,phantasmal.tech,available,8.99,68.99,medium,low,10,namesilo,,,06/08/2026 05:33
365ca087-3ff5-498e-9ddb-99e94dd99754,cackle.tech,available,,,high,high,6,,,,
1eae81a8-f883-4f8e-9ba5-42828cbfe7fd,madwort.tech,available,8.99,68.99,medium,low,7,namesilo,,,18/09/2026 15:25
bdaf7341-c987-4adc-b55b-306e17376b61,differentiator.tech,available,,,high,high,14,,,,
825a32ea-7de9-43ce-ac67-e48f06b38176,controller.tech,premium,3450,3450,high,low,10,namesilo,,,23/09/2026 23:15
76ecc6e8-0915-404d-9fd6-80c4955baec9,relapsing.tech,available,5.98,58.98,high,low,9,namecheap,,,09/09/2026 16:17
6defb402-2506-48e7-a734-be05968f913c,airdrome.tech,available,8.99,68.99,high,low,8,namesilo,,,17/09/2026 12:57
9cc063a7-dd2b-42c9-955b-fce66eaeea2c,flatboats.tech,available,,,high,low,9,,,,
cbfcbe21-8214-4089-be6e-b30b3b2b09f0,puncher.tech,available,,,high,high,7,,,,
faabe9de-c9af-486f-9782-c0f78bfd65ab,totipotent.tech,premium,325,1300,high,low,10,namecheap,,,11/09/2026 18:12
bd6d5058-8733-4d12-982e-854300d7b002,bruschette.tech,available,,,high,low,10,,,,
a7f84f7f-26d6-42fc-bb9e-0ccee71eef46,goldbrick.tech,premium,81.25,325,high,low,9,namecheap,,,20/08/2026 16:29
a6cc474c-18d8-4c84-9967-c6cd55f318f7,heffalump.tech,available,,,high,high,9,,,,
1c7345cc-26fe-45bd-befe-b8c897c3ede2,indict.tech,available,,,high,high,6,,,,
36a5243a-18cf-4f77-8b3e-6629adde5432,riffian.tech,available,,,high,high,7,,,,
2ac93da1-120b-42a8-8e0b-bb0ad1e6f252,decompartmentalise.tech,available,,,high,high,18,,,,
0092214f-1cf1-47ce-b013-74cb51845118,coveted.tech,premium,1107,1107,high,low,7,namesilo,,,24/09/2026 00:56
6c789afe-9eae-46df-b250-2ce04636035c,flirtiness.tech,available,,,high,low,10,,,,
b3fc383d-15a7-4b47-a594-e5fea7727d3a,refrained.tech,available,,,medium,low,9,,,,
e4761b56-96a1-44c4-bd9e-083556ebdf1b,slumberless.tech,available,,,medium,low,11,,,,
c92d9950-3fb7-4f09-ab35-4c503c447847,drinking.tech,premium,312.5,,high,low,8,name.com,,,
edf181b7-3cf1-4400-9143-9ce76f7ec862,deist.tech,available,8.99,68.99,high,low,5,namesilo,,,14/08/2026 00:15
85f2a1d6-3e93-46b8-ae17-298ca705b4f4,accusative.tech,available,8.99,68.99,high,low,10,namesilo,,,
248aedfb-7314-4797-beaa-4a4b9ecf2000,parade.tech,premium,640,640,high,low,6,namesilo,,,25/09/2026 09:47
8148eabb-6a6b-41bb-939f-d73ef9f6dbee,salvadoran.tech,available,5.98,58.98,high,medium,10,namecheap,,,09/09/2026 21:01
2a2f14f7-b856-4cea-842d-611fce0c7dea,benedick.tech,available,8.99,68.99,high,low,8,namesilo,,,23/09/2026 07:51
d60842b9-66b1-4155-bed4-16e587cafab0,smoothed.tech,available,5.98,58.98,high,low,8,namecheap,,,10/09/2026 12:07
373b900b-e4c7-44b3-8f06-0b229cdd9db6,stockholmer.tech,available,,,high,high,11,,,,
65315308-28b9-4c21-bd78-d9cf6e62bd35,soleless.tech,available,5.98,58.98,medium,low,8,namecheap,,,10/09/2026 13:37
12edc523-9abf-4fed-a155-92262a5d5c77,suntan.tech,premium,81.25,325,high,low,6,namecheap,,,11/09/2026 07:52
288c707e-4413-4024-bb2c-1a477f7e16c8,kirkstall.tech,available,,,high,high,9,,,,
87d95854-4e21-43da-9001-b2dba6d675b7,sabrina.tech,available,,,high,high,7,,,,
71af1044-e8d5-470f-a1bc-0d5cd585e145,clitoral.tech,premium,81.25,325,high,low,8,namecheap,,,12/08/2026 11:25
d2d58c1f-04a8-4c83-9af7-358072a20449,unobjectionably.tech,available,,,high,high,15,,,,
663b810e-38df-4285-96ec-7e0014c8a929,rainy.tech,available,,,high,medium,5,,,,
675957e3-ab22-416e-9956-f1bb99cf8229,bandbox.tech,premium,81.25,325,high,low,7,namecheap,,,22/09/2026 01:01
ebba7a21-307f-4a29-843a-f3e10eb0dc06,setups.tech,available,,,high,medium,6,,,,
cb032d00-974a-4bbc-9ae8-363aa3133843,tortuous.tech,available,5.98,58.98,high,low,8,namecheap,,,11/09/2026 18:01
7452d596-f3b2-4f33-975c-9223ca82ef11,extrinsic.tech,premium,156.25,625,high,low,9,name.com,,,17/08/2026 19:37
f19b1e0d-85fe-4ac4-9fe9-9b6ab629224a,strummer.tech,available,,,high,high,8,,,,
0ca0f453-6809-4f04-b6e1-29a39f6d9604,urge.tech,available,,,high,low,4,,,,
1db024f7-c70e-4715-9aaf-eaddea7fadb9,storage.tech,premium,13800,13800,high,low,7,namesilo,,,23/09/2026 08:25
cc2cd191-d22b-4f27-8655-6883e96bf59e,adultery.tech,premium,302.5,302.5,high,low,8,namesilo,,,17/09/2026 10:25
1d26e3a8-afb9-44c4-bb7b-58f9c6913864,wigs.tech,available,,,high,medium,4,,,,
7a5bd73c-7156-44ae-bb22-031f2f08bb20,superfluidity.tech,available,,,high,low,13,,,,
0f2934bf-e852-4724-ae2f-812cfd4d2aae,bravissimo.tech,available,,,high,high,10,,,,
8c27a522-b043-402a-9a3d-59f333bc8186,wintergreen.tech,available,,,high,high,11,,,,
3e6d6862-a700-4a6a-9d79-df8eb8629c14,snuffly.tech,available,5.98,58.98,high,medium,7,namecheap,,,10/09/2026 12:37
c553bd37-4581-41b2-9241-3a6144b70188,okra.tech,premium,302.5,302.5,high,low,4,namesilo,,,16/09/2026 15:04
b6f247cf-8780-4221-9186-1029c7914531,nerfed.tech,available,,,high,high,6,,,,
5b680dfe-4383-4b70-b287-2bb6ade159e9,unfair.tech,premium,312.5,,high,low,6,name.com,,,
3bede152-fdac-417b-8e7c-709225c77836,crossing.tech,premium,640,640,high,low,8,namesilo,,,27/09/2026 03:30
33d4809e-276d-47b5-90c3-cdd133b16eab,burned.tech,premium,640,640,high,low,6,namesilo,,,23/09/2026 11:37
f8cb5cee-5064-4ecb-b45b-c65e2fb4749a,lobsters.tech,available,,,high,medium,8,,,,
5fc432a2-05d2-4757-a252-99b2313acb18,horseman.tech,premium,156.25,625,high,low,8,name.com,,,17/08/2026 11:44
59a7ee01-5aac-4853-850e-524600dca5ef,underlined.tech,available,,,high,low,10,,,,
b2e0d463-6bb6-438b-9545-8bad27572ca4,dragster.tech,available,,,high,high,8,,,,
ad343105-21bd-4e27-8586-057b4f8385ae,romano.tech,available,,,high,medium,6,,,,
3a36fa04-3637-4926-995a-794163689fd8,ruminated.tech,available,,,high,low,9,,,,
078eddbb-dec7-4a61-bba3-6d996ffe96ca,uncomfortably.tech,available,8.99,68.99,medium,low,13,namesilo,,,
ee24e1fe-b6df-46b6-8459-0808f6a601d4,novice.tech,resell,,,high,low,6,"DNSPod, Inc.",17/01/2019 04:04,17/01/2027 23:59,26/09/2026 07:49
c3aee76b-df8d-47f6-a08a-43f9f63e2d7f,allegorical.tech,available,,,high,high,11,,,,
455f076d-198d-4281-abdd-69181f138840,pinched.tech,premium,81.25,325,high,low,7,namecheap,,,10/08/2026 18:58
208fa6e2-4dd2-4b93-ad56-3d259fafe1f4,labetalol.tech,available,,,high,high,9,,,,
cc842f07-45d8-46a9-a5f4-3ed9cb4a45d6,feu.tech,available,,,high,high,3,,,,
ddd86b67-e505-4fdf-bd15-0ad421ae8c02,footwell.tech,available,,,high,high,8,,,,
16c73337-f9e0-48a6-bb2b-50570f89938d,natty.tech,premium,156.25,625,high,low,5,name.com,,,13/08/2026 17:29
7fd47399-34ab-4ab7-89c1-af6555a81064,subdocument.tech,available,,,high,high,11,,,,
7801d571-cbf7-4c4c-9126-cb01deda14ed,surfriders.tech,available,,,medium,low,11,,,,
f60c9c39-8585-4981-aa8e-ff22540c354c,enliven.tech,resell,,,high,low,7,Squarespace Domains LLC,11/02/2020 20:01,11/02/2027 23:59,26/09/2026 05:51
e762712e-43f9-4ddd-8ae5-71a6654e121f,terminus.tech,resell,,,high,low,8,Squarespace Domains LLC,14/07/2018 08:29,14/07/2027 23:59,26/09/2026 09:34
a80f9a96-d7a0-47c1-8faa-b58c0433fbd0,aftereffect.tech,available,,,high,high,11,,,,
8574f78e-6422-4478-81e9-572aa119b162,tolled.tech,available,,,medium,low,6,,,,
bf098674-a088-4d45-bc04-48c2472ac7bd,laser.tech,premium,3450,3450,high,high,5,namesilo,,,27/09/2026 06:19
1e2847a3-35be-433a-91d6-9bd6dad4cbb1,altoona.tech,premium,81.25,325,high,low,7,namecheap,,,18/09/2026 15:04
7e6a0eab-bfcf-4764-9f0a-9be94f3727f2,polenta.tech,available,,,high,high,7,,,,
4970ba75-2eee-448b-bf02-22e5b59c42b1,structures.tech,premium,312.5,,high,low,10,name.com,,,
9e0e5a5f-55c1-4fe7-9ff3-34a7002a3e38,ragamuffin.tech,premium,81.25,325,high,low,10,namecheap,,,11/09/2026 09:09
726d0e58-6701-46f4-a427-01ac0c21cc14,committeemen.tech,available,,,medium,low,12,,,,
410a7c18-90fb-4a72-b7df-dbe6c7f4d1ae,gender.tech,available,,,high,high,6,,,,
94572dee-bab2-4bc1-9629-e4c2691229eb,concluding.tech,available,8.99,68.99,high,low,10,namesilo,,,19/09/2026 15:36
2fc44ce9-7f7b-4acd-9b31-af1b41634765,flirter.tech,available,,,high,high,7,,,,
8f1f38ad-c3e8-4174-b7e9-72c64586fd8e,resolutely.tech,available,5.98,58.98,high,low,10,namecheap,,,14/09/2026 11:12
33898136-9e95-45c3-b06a-8093616c32d3,bather.tech,available,8.99,68.99,high,low,6,namesilo,,,22/09/2026 13:31